24, 519, 33.2, 45.2, 30.8, 34
24, 423, 6, 6.8, 6.8, 6.534
24, 19, 6, 6, 6, 6
24, 281, 0, 0, 0, 0
28, 281, 37.5, 22.8, 26, 29.6
28, 19, 6, 6, 11.6, 8.4
28, 423, 6, 6, 6, 6
28, 519, 6, 6.534, 8.668, 7.868
419, 415, 307.9, 367.733, 364.533, 362.933, 363.703, 360.531, 358.132, 360.502, 354.398, 355.999, 353.732, 360.501, 359.998, 357.199, 351.3, 362.132, 359.732, 358.132, 360.266, 364.933, 360.265, 358.768, 368.266, 373.866, 367.703, 372.266, 368.265, 360.132, 357.437, 356.798, 355.331, 344.237
419, 231, 6, 6.8, 6, 7.6, 8.4, 8.4, 6, 6.8, 16.4, 11.6, 8.4, 19.6, 6, 16.4, 6.267, 13.333, 6, 8.4, 14.933, 7.733, 10.8, 6, 7.6, 13.333, 10.8, 11.6, 10.799, 14, 10.133, 12.4, 6.267, 12.4
419, 579, 8.4, 11.6, 13.2, 9.2, 19.733, 7.6, 6.8, 7.6, 6.8, 8.4, 6.8, 8.4, 9.2, 9.2, 10, 8.4, 6, 8.4, 9.2, 6.8, 15.6, 14, 15.6, 20.4, 10.8, 18, 6.267, 14.8, 10, 6.8, 8.4, 7.6
419, 581, 9.2, 16.4, 14, 7.6, 7.6, 6.8, 6, 6.8, 6, 6, 10, 14, 7.6, 10.8, 8.4, 9.2, 7.6, 6, 6.8, 6.8, 7.6, 15.6, 14, 17.2, 9.466, 12.4, 11.6, 12.4, 7.6, 6, 6, 7.733
419, 829, 7.6, 10.8, 10.8, 7.6, 7.6, 7.6, 6.8, 7.6, 6.8, 6, 10.8, 14.8, 8.4, 13.2, 12.4, 6, 8.4, 6, 6, 8.533, 10, 15.6, 10, 16.4, 6.267, 10, 6.933, 8.4, 6, 6.8, 7.6, 9.333
419, 416, 6.8, 6.8, 7.6, 6.8, 13.2, 11.6, 6, 11.6, 6.8, 6.8, 10, 16.4, 8.4, 12.533, 10.8, 7.6, 9.2, 10, 8.4, 7.6, 9.2, 9.2, 7.6, 12.4, 9.333, 6, 8.133, 7.866, 6.933, 7.6, 8.4, 8.4
419, 206, 6, 7.6, 8.4, 6, 10, 6, 8.4, 8.4, 6, 9.2, 6.8, 7.6, 6, 10.8, 7.067, 11.866, 10.933, 6, 6.8, 7.6, 9.2, 6.8, 8.4, 6, 16, 7.6, 15.866, 6.267, 8.4, 6, 6.8, 6.8
419, 497, 17.2, 16.4, 15.6, 7.6, 10.133, 12.4, 9.2, 10.8, 10.133, 11.6, 14.8, 11.6, 11.6, 14.8, 16.4, 16.4, 10.8, 8.4, 8.4, 11.6, 23.6, 20.4, 13.2, 6.933, 16.533, 12.4, 9.2, 8.533, 10, 9.6, 8.4, 12.533
419, 685, 13.2, 7.6, 8.399, 8.4, 8.4, 9.2, 9.333, 6.8, 7.6, 12.4, 12.4, 13.333, 11.866, 18.266, 15.733, 10.8, 12.8, 9.733, 7.466, 12.133, 17.6, 15.6, 7.733, 13.466, 15.733, 7.733, 8.266, 12.666, 11.6, 8.4, 7.733, 20.4
419, 257, 11.6, 6.8, 6, 6, 6, 6, 6, 6, 9.2, 13.2, 13.2, 6, 36.4, 6, 26, 7.6, 8.4, 9.2, 6.8, 18, 6, 7.6, 26, 6, 14.4, 9.333, 7.6, 8.266, 8.533, 13.333, 10.8, 17.999
419, 658, 7.6, 8.4, 6.8, 6.8, 6, 6, 6, 6, 8.666, 8.8, 7.2, 9.999, 10, 7.866, 6, 21.2, 6, 6.933, 8.134, 11.599, 15.997, 6, 6.933, 14.399, 15.199, 8.666, 7.334, 7.733, 8.133, 9.2, 7.6, 9.999
419, 246, 13.333, 9.199, 13.333, 7.733, 6, 9.2, 6.8, 7.6, 14.8, 29.466, 23.6, 9.466, 7.733, 8.8, 6, 6.8, 19.6, 6.8, 7.6, 16.4, 19.466, 12.532, 9.733, 9.733, 13.2, 15.866, 36.4, 13.2, 6.8, 10.8, 8.533, 10.933
419, 784, 12.4, 10, 18, 10.8, 10, 7.6, 6, 9.2, 24.4, 9.2, 7.6, 6, 6, 6, 6, 6, 26.8, 42, 9.2, 18, 6.8, 6, 6, 6, 6, 6.933, 7.866, 34.532, 40, 9.333, 8.4, 9.2
419, 548, 9.2, 14.8, 10, 8.4, 8.4, 8.533, 6, 10.8, 9.2, 6, 6, 6, 6, 6, 6, 6, 6, 11.6, 46.8, 7.6, 6, 6, 6, 6, 6, 6, 7.866, 6, 9.2, 33.2, 40.4, 10.8
419, 507, 7.6, 6.933, 6, 6.8, 6.933, 8.668, 6.534, 7.866, 9.199, 7.066, 6, 8.8, 6, 6, 6, 7.866, 6, 6.933, 6, 6.933, 7.866, 6.933, 6, 6.933, 8.8, 6, 6.933, 15.332, 7.866, 8.8, 6, 8.8
419, 249, 9.2, 7.2, 6.267, 6, 11.866, 7.067, 6.534, 6.933, 6.534, 7.067, 6, 9.466, 6, 14.932, 6, 13.199, 6, 6, 7.866, 10.666, 6.933, 6, 6.933, 6.933, 6.933, 13.466, 10.666, 6.933, 6.933, 9.733, 7.866, 11.599
419, 281, 20.365, 20.909, 20.753, 12.262, 14.88, 9.727, 10.564, 16.348, 19.339, 21.64, 22.319, 17.69, 18.95, 16.997, 16.793, 16.318, 16.387, 18.432, 17.151, 19.855, 20.707, 19.627, 23.592, 22.633, 21.58, 27.744, 22.12, 19.824, 24.812, 23.379, 22.048, 18.57
419, 19, 6.267, 6.8, 6, 6, 6.267, 6, 6.8, 9.2, 12.4, 6.8, 7.866, 7.334, 6.933, 7.2, 7.6, 7.6, 14.133, 10.133, 10, 10.133, 9.2, 6.8, 6.267, 6.534, 6.534, 6.8, 6.8, 6, 7.867, 6.8, 6, 6.8
419, 423, 6, 6.267, 6, 6, 6.267, 7.733, 10, 11.6, 12.4, 9.2, 10.133, 8.4, 8.533, 7.6, 6.267, 8.4, 17.2, 11.6, 11.6, 8.4, 6.8, 6.267, 7.6, 6.8, 7.6, 8.266, 8.4, 10.133, 8.4, 6.8, 6, 6.8
419, 56, 6, 6, 6, 6, 6, 6, 6, 6, 6.534, 7.733, 7.6, 6.267, 6, 6, 6.534, 6, 6.933, 9.2, 6, 6, 6, 6, 6, 6, 6, 10.266, 8.4, 11.6, 10, 6.534, 6, 6.8
419, 762, 6, 6, 6, 6, 6, 6, 6, 13.2, 10.133, 7.6, 6, 6.534, 6.267, 6.267, 8.4, 7.6, 9.999, 6.8, 6, 6, 6, 6.8, 6, 6.8, 6.8, 6.8, 12.4, 14.8, 11.6, 6.8, 8.133, 7.733
419, 53, 8.4, 6.933, 6.8, 8.666, 9.2, 6.933, 6.267, 8.399, 12.67, 11.336, 9.735, 8.399, 7.601, 9.999, 9.466, 11.598, 14.804, 9.735, 12.67, 8.401, 10.002, 11.336, 11.069, 11.332, 9.735, 15.605, 11.336, 8.932, 11.069, 7.868, 8.668, 9.468
419, 54, 6.8, 8.4, 6, 7.6, 8.4, 6.8, 6.8, 6, 6, 6, 6, 6, 6, 6.8, 6, 10.8, 10, 7.6, 6, 6, 6, 6, 8.4, 9.6, 7.333, 9.066, 7.6, 6.267, 6.8, 7.2, 6, 6.8
419, 606, 0, 0, 0, 0, 0, 0, 0, 0, 0, 0, 0, 0, 0, 0, 0, 0, 0, 0, 0, 0, 0, 0, 0, 0, 0, 0, 0, 0, 0, 0, 0, 0
453, 606, 323.2, 323.466, 322.132, 322.8, 318.801, 321.333, 323.466, 321.599, 323.466, 321.331, 318.933, 320.401, 320.533, 319.6, 323.2, 319.734, 317.866, 320.534, 318.133, 305.601, 299.863, 312.131, 312.666, 317.066, 318.666, 316.134, 315.733, 308.802, 286.931, 304.932, 307.73, 315.066, 315.998
453, 266, 6, 6.8, 6.8, 7.6, 6, 6, 6, 6, 12.4, 6.534, 7.866, 9.333, 7.066, 12.4, 8.4, 6, 6, 7.6, 6.933, 6.534, 6, 6.534, 6.8, 7.733, 6.8, 8.4, 9.2, 11.6, 7.733, 6, 6, 6, 6
453, 54, 6, 6, 6.8, 6, 6, 6, 6, 6, 6.267, 7.334, 8.134, 6.267, 6.267, 6, 6.534, 6, 6.267, 7.067, 6, 7.067, 6.8, 6.8, 8.4, 13.199, 8.4, 7.601, 7.067, 6.933, 7.601, 6.8, 6.267, 6, 6.534
453, 53, 6, 6.933, 6, 6.8, 6, 6.8, 9.734, 6.8, 6.534, 8.401, 6.534, 6.8, 7.2, 7.866, 9.866, 7.6, 10.532, 6.933, 6.8, 12.398, 8.4, 10.533, 6.933, 11.066, 10.933, 8.533, 8.401, 10.269, 8.668, 7.2, 7.067, 8.266, 8.667
453, 762, 6, 6, 6, 6.267, 6, 6, 6, 6, 6, 6.534, 7.067, 6, 6, 6.933, 9.333, 11.6, 7.733, 6, 6, 6, 6.8, 6.8, 10.266, 6.8, 7.6, 6, 6, 6.933, 6.267, 6.267, 6, 6.933, 10
453, 56, 6.267, 6, 6, 6.267, 6, 6, 6, 6, 6, 7.334, 6.534, 6.534, 6.267, 7.067, 6.267, 6.8, 6, 7.6, 6, 6, 6, 6, 7.6, 8.4, 6.267, 6, 6, 6, 6, 6, 6.8, 8.4, 8.4
453, 423, 6, 6, 6, 6, 6.8, 6.8, 6.933, 6, 6, 6.267, 6, 7.6, 6, 8.666, 7.6, 6.8, 6, 6.8, 6, 10.8, 8.4, 12.4, 17.2, 11.733, 9.733, 9.333, 6.267, 6, 6.267, 6.8, 6, 6.8, 7.066
453, 19, 6, 6, 6, 6, 6, 6, 6, 6, 6, 6, 6, 6, 6.8, 6, 6, 6, 6, 6, 6, 6, 6, 6.534, 6.8, 6, 6, 6, 6.534, 6, 6.267, 6, 6, 8.4, 9.2
453, 281, 6, 6, 6, 6.862, 6.862, 6.862, 7.4, 9.365, 9.695, 10.068, 6, 8.659, 7.4, 9.695, 10.907, 10.319, 9.021, 8.659, 7.4, 9.695, 10.012, 12.002, 17.365, 14.856, 10.617, 11.318, 12.33, 11.318, 6, 10.882, 10.123, 11.897, 16.828
453, 249, 6, 6.534, 6, 6, 6, 6, 6, 6, 6, 7.601, 6, 6, 6.267, 7.067, 6, 6, 6.8, 6, 6.933, 7.2, 8.4, 7.6, 6.267, 6.267, 6, 6, 7.6, 6.534, 6, 8.666, 6.8, 9.466, 9.466
453, 340, 6.8, 6.8, 6, 6.267, 6, 6.267, 6, 6.8, 6, 6.534, 6.267, 6, 6, 6, 6, 6, 6, 6, 6, 6.267, 6.8, 7.6, 6, 6, 6.8, 6, 6, 6, 6.8, 6, 6.933, 6, 6
453, 507, 7.6, 6.8, 9.2, 6, 6.8, 6.267, 6.8, 6.933, 7.067, 6.534, 6.267, 6, 6, 6, 6.267, 6.8, 6.8, 8.134, 8.133, 9.202, 8, 8.533, 7.466, 8.4, 6, 6.8, 6, 6, 10.002, 6, 6.8, 6, 6.8
453, 548, 6.8, 6.8, 9.2, 6.8, 8.4, 7.6, 6.267, 7.6, 6, 6, 6, 6, 6, 6, 7.6, 6, 7.6, 8.4, 8.4, 9.2, 11.6, 7.6, 8.4, 7.6, 6, 7.868, 6.8, 6, 6.8, 6.8, 6.267, 6, 7.067
453, 624, 6, 6, 6, 6, 6.267, 6, 6, 6, 6, 6, 6, 6, 6, 6, 6, 6, 6.8, 6.267, 6.534, 6, 6.267, 6.267, 6, 6.8, 6.534, 6.267, 7.067, 7.067, 6.267, 7.067, 6.8, 7.733, 7.866
453, 658, 7.6, 6, 6, 6, 6, 6, 6, 6, 6, 6, 6, 6, 6, 6, 6, 6, 6, 6, 6.8, 6.8, 6.267, 6, 6, 6, 6, 6, 6, 6, 6, 6, 6, 7.6, 6
453, 257, 7.6, 6.8, 6, 7.6, 6, 6, 6, 6, 6, 6, 6, 6, 6, 6, 6, 6.267, 6.8, 6.933, 6.8, 8.134, 8.668, 7.334, 6.267, 6, 6, 6, 6.534, 6, 6, 6.267, 6, 6.8, 6.8
453, 685, 6.534, 7.2, 7.868, 8.4, 6.8, 6, 6.8, 6.267, 6, 6, 6, 6, 6, 6, 6.534, 6.267, 7.334, 7.2, 7.334, 8.133, 7.067, 6.267, 6, 6.933, 6.8, 6, 9.333, 7.066, 6, 7.067, 10.933, 6.8, 14.533
453, 497, 6, 7.6, 9.2, 9.2, 7.6, 6.8, 7.066, 6, 6, 6, 6, 6, 6, 6, 6, 6.8, 6, 6.8, 6.534, 6.933, 6.267, 6, 6, 6, 6.267, 6, 6.534, 6.267, 6, 6, 6.267, 6, 6
453, 206, 7.601, 7.6, 6.933, 6.8, 6, 9.2, 6.267, 6.267, 6, 6.267, 6, 6, 6, 6, 6, 6.267, 6, 6.8, 6.267, 6, 6, 6, 7.067, 6, 6, 6, 7.067, 6, 6, 6.534, 6.8, 6.267, 6
453, 581, 6, 6, 6.8, 6, 6, 6.8, 6, 6, 6, 6, 6, 6, 6, 6, 8.4, 6.8, 7.6, 6, 6, 6, 6, 6, 6, 6, 6, 6, 6, 6, 6, 6, 6, 6, 6
453, 579, 6, 6.267, 7.334, 6.534, 7.067, 6.534, 6.534, 6.8, 7.601, 7.334, 6, 6, 6, 6.267, 6, 7.867, 6.267, 7.601, 6.267, 10.133, 6.267, 6, 6, 6.534, 6.8, 6, 6, 6, 6, 6, 6.8, 6, 6.267
453, 231, 6.267, 6.8, 6.534, 7.067, 6.534, 6.8, 6.8, 6.267, 6.267, 6, 6, 6.267, 6, 6, 7.334, 7.067, 6.8, 6.267, 6.267, 7.6, 10, 6, 6, 6.267, 6.267, 6, 6.267, 6, 6.8, 6.534, 7.067, 6.267, 7.067
453, 415, 6.8, 6.933, 6.8, 7.868, 6.267, 7.334, 7.6, 7.6, 10, 6, 6.8, 7.6, 10.8, 9.2, 15.6, 6, 6, 6.267, 7.6, 11.866, 7.334, 6, 6, 7.6, 6.933, 7.6, 6, 6, 6.267, 6, 6.8, 6.534, 7.601
466, 288, 14, 40.4, 43.6, 16.4, 10.8, 7.6, 8.4, 6.8, 28.4, 42, 25.2, 12.4, 6.8, 6.8, 6, 30.8, 44.4, 55.6, 58, 38, 10, 23.6, 16.4, 37.2, 45.2
466, 84, 6.8, 6, 6, 6, 6, 6, 6, 6, 6, 6, 6, 6, 7.6, 6, 6.8, 7.6, 6, 6, 6, 6, 6, 6, 6.8, 6, 7.067
466, 78, 11.599, 23.729, 15.871, 7.601, 6.267, 9.333, 8.133, 8.935, 14.53, 14.131, 13.731, 14.665, 14.8, 12.533, 14, 11.866, 24.661, 17.595, 16.664, 21.596, 20.93, 24.397, 37.198, 31.996, 29.194
466, 35, 28.4, 18.8, 25.2, 7.6, 8.533, 9.333, 11.6, 9.2, 14.8, 7.6, 9.466, 10, 10, 11.6, 20.4, 26.4, 18, 8.4, 6.8, 7.733, 7.6, 18, 14.8, 18, 27.066
466, 753, 6.933, 21.864, 11.333, 10.8, 6, 7.066, 8.8, 8.4, 7.601, 8.934, 6.8, 9.466, 8.8, 10.133, 14.266, 18.132, 7.866, 17.199, 8.932, 9.466, 11.332, 6, 11.599, 13.466, 13.466
466, 302, 17.864, 13.466, 9.733, 8.4, 6, 19.6, 23.066, 17.2, 14.399, 9.065, 8.133, 7.6, 11.6, 14.666, 12.132, 9.733, 11.599, 7.866, 16.4, 16.8, 12.266, 9.733, 9.733, 9.599, 8.799
466, 450, 7.866, 9.733, 7.066, 6, 7.2, 7.6, 8.8, 10.799, 11.199, 8.401, 7.067, 6.8, 7.733, 10.4, 9.732, 8.666, 8.401, 9.202, 9.202, 7.866, 11.066, 7.066, 6.534, 9.735, 7.334
466, 203, 0, 0, 0, 0, 0, 0, 0, 0, 0, 0, 0, 0, 0, 0, 0, 0, 0, 0, 0, 0, 0, 0, 0, 0, 0
473, 203, 239.9, 275.198, 246.033, 270.665, 257.84, 218.8, 198.271, 160.142, 182.929, 247.998, 263.466, 238, 214.399, 211.973, 183.07, 194.399, 233.467, 237.997, 232.265, 213.995, 201.241, 188.311, 165.334, 158.797, 186.396, 170.667
473, 450, 6, 6, 9.333, 6.267, 6, 6, 6, 6.267, 7.6, 6.8, 6, 7.334, 6.8, 6.534, 6, 6.8, 6.8, 6.267, 6.933, 6.933, 6.933, 6.933, 6, 6, 6.933, 7.866
473, 302, 8.8, 8.4, 10.266, 7.866, 6, 7.066, 7.067, 7.2, 7.2, 7.2, 7.066, 9.733, 7.334, 7.067, 7.334, 10.798, 7.733, 13.333, 9.466, 6.8, 7.066, 7.066, 8.666, 7.733, 7.733, 13.066
473, 753, 8.933, 7.6, 6.8, 10.133, 8.666, 6.534, 7.334, 7.333, 7.601, 6.267, 6.267, 7.334, 6.8, 6.534, 11.333, 9.733, 9.199, 8, 7.334, 7.066, 6, 8.134, 7.067, 7.2, 9.466, 8.799
473, 35, 6.933, 7.2, 8.134, 6.8, 7.067, 7.466, 8.933, 8.134, 7.334, 6.933, 6, 8.401, 8.134, 6.534, 9.202, 6.8, 8.935, 10.002, 8.668, 9.202, 14.003, 11.87, 9.202, 9.735, 10.802, 10.002
473, 78, 7.601, 10.802, 8.935, 8.134, 12.937, 7.868, 8.134, 9.468, 8.668, 7.868, 8.668, 9.202, 9.735, 6.267, 7.333, 8.935, 8.134, 11.87, 12.136, 10.802, 9.468, 9.202, 10.002, 15.605, 11.603, 13.47
473, 84, 6, 6, 6, 6.267, 6, 6, 6, 6.8, 6.8, 6.8, 6.267, 6.8, 6.8, 6.267, 7.067, 8, 7.067, 10.002, 10.002, 11.603, 11.336, 11.603, 11.336, 10.002, 11.069, 8.668
473, 288, 6, 6.267, 6, 6, 6, 6, 6.267, 6, 6, 6, 6, 6.534, 11.336, 6, 7.868, 6.534, 7.067, 6, 6.267, 7.067, 6, 6, 6.267, 6, 6.267, 6
536, 461, 509.366, 326.034, 447.968, 176.364, 59.635, 396.432, 337.059, 406.636, 397.592, 346.096, 358.166, 268.769
536, 335, 9.2, 6, 6, 6, 6.8, 6, 6, 6.267, 6, 6.534, 6.534, 7.066
536, 372, 6, 9.2, 7.6, 6, 6, 6, 6, 6, 7.6, 7.6, 7.6, 8.4
536, 447, 8.4, 6.8, 6, 6, 6, 6, 11.6, 6, 6.8, 6, 6, 6.8
536, 112, 10, 14, 6.8, 6, 6.267, 6, 12.4, 18.8, 6, 8.4, 6.8, 10
536, 566, 7.6, 6.933, 6.267, 6, 6, 8.4, 6, 6, 10.8, 6, 6, 10
536, 467, 9.866, 7.066, 6.933, 7.6, 14, 26.8, 7.334, 10.8, 8.401, 6, 6.267, 6
536, 700, 7.333, 6, 14.933, 7.6, 9.333, 13.866, 6, 6.8, 6, 6, 9.2, 8.8
536, 785, 12.67, 13.47, 11.336, 8.935, 15.605, 17.206, 19.073, 10.802, 9.468, 7.2, 8.133, 14.929
536, 402, 6, 6, 8.666, 7.733, 16.4, 6, 17.2, 27.6, 6, 26, 6, 6
536, 403, 8.4, 11.6, 22, 8.4, 13.2, 13.2, 6, 21.2, 19.6, 14, 6, 6
536, 613, 12.4, 12.4, 9.2, 10, 8, 6.534, 16.666, 6, 11.599, 6, 6.933, 8.8
536, 213, 7.733, 7.733, 7.333, 6, 7.066, 9.466, 6.267, 6, 6, 6, 6, 8.8
536, 647, 51.598, 52.664, 40.132, 54.932, 58.663, 45.198, 50.264, 10.666, 26.53, 14.399, 37.729, 23.731
536, 741, 23.064, 11.069, 11.864, 10.002, 11.87, 10.666, 8.134, 13.466, 13.466, 18.264, 13.598, 11.332
536, 285, 20.397, 15.065, 16.264, 9.735, 20.531, 11.069, 27.731, 17.596, 9.735, 16.13, 25.598, 29.331
536, 302, 6, 6, 6.8, 6, 6.8, 9.999, 6.8, 6.534, 6.8, 6.8, 7.067, 8.4
536, 136, 6.8, 6, 6, 6, 8.4, 10.133, 6, 7.733, 6, 7.6, 8, 7.6
536, 197, 6, 6, 10.933, 10.933, 11.733, 16.266, 6, 14.4, 6.267, 7.733, 9.2, 11.733
536, 3, 6, 6.267, 8.4, 10.266, 10, 6, 15.6, 6, 7.6, 9.333, 10.4, 10.8
536, 192, 7.6, 6.933, 7.067, 7.334, 7.067, 6.534, 7.067, 7.067, 6, 6.534, 6.267, 7.067
547, 192, 6, 6, 6
547, 3, 10.8, 10, 8.4
547, 197, 10, 7.6, 14.8
547, 136, 6, 6, 14
547, 302, 6.8, 10.133, 14.8
547, 285, 49.466, 40.398, 11.465
547, 741, 11.732, 9.466, 10.002
547, 647, 28.398, 18.932, 46.666
547, 213, 17.739, 14.271, 16.138
547, 613, 7.601, 6.8, 7.333
547, 403, 6, 6.8, 7.601
547, 402, 6.933, 6.534, 13.333
547, 785, 10.266, 7.733, 14.266
547, 700, 9.2, 11.6, 8.134
547, 467, 6.267, 6.267, 9.735
547, 566, 6, 7.067, 6.8
547, 112, 14, 14.266, 6.267
547, 447, 8.401, 7.6, 6.8
547, 372, 16.8, 9.199, 10.933
547, 335, 12.531, 7.066, 10.799
547, 461, 0, 0, 0
549, 192, 10, 6.8, 6, 6.267, 6.8, 14.8, 11.733, 6.267, 6.933
549, 3, 10.8, 9.2, 6, 6, 6.8, 8.4, 8.4, 7.6, 9.2
549, 197, 10.8, 6, 7.733, 9.2, 6.8, 15.6, 10.8, 6, 7.6
549, 136, 11.6, 10, 6, 7.866, 8.533, 9.6, 7.333, 6.534, 8.666
549, 302, 9.6, 8, 6, 6.267, 13.733, 6.8, 8.4, 6.267, 14.132
549, 285, 43.332, 22, 39.598, 42.932, 34.665, 9.066, 13.466, 27.603, 38.129
549, 741, 11.336, 9.468, 9.468, 9.202, 9.202, 8.668, 10.132, 8.668, 10.002
549, 647, 21.999, 16.799, 40.933, 25.864, 33.598, 25.864, 22.932, 39.061, 30.398
549, 213, 13.47, 10.536, 17.739, 13.204, 15.338, 11.336, 10.265, 13.737, 16.939
549, 613, 7.601, 6.267, 7.601, 6.8, 8.134, 7.601, 10.533, 9.733, 7.334
549, 403, 6, 6, 7.601, 8.668, 7.868, 11.066, 8.134, 8.399, 7.868
549, 402, 6, 7.6, 6, 16.666, 28.933, 7.866, 6, 6, 8.4
549, 785, 15.866, 13.066, 11.6, 9.998, 6.933, 7.333, 6.8, 9.733, 18.665
549, 700, 6.8, 6.933, 6.267, 6.267, 6.8, 8.935, 6.267, 6, 6.8
549, 467, 7.067, 6.534, 7.2, 12.67, 11.87, 6, 7.333, 6.267, 6.267
549, 566, 6.267, 6.267, 6, 6.534, 6.267, 6, 6, 6, 6.534
549, 112, 6.8, 6.8, 9.2, 8.4, 6.8, 6.8, 12.666, 10, 7.6
549, 447, 8.4, 13.2, 10.533, 10.8, 6.267, 6.534, 6.933, 7.067, 6
549, 372, 21.2, 22.132, 9.999, 8.401, 10, 10, 16.133, 10.799, 8.532
549, 335, 14.266, 11.999, 9.199, 7.333, 6, 8.4, 7.2, 9.333, 6.933
549, 461, 0, 0, 0, 0, 0, 0, 0, 0, 0
635, 680, 409.865, 359.199, 229.199, 96.4, 87.332, 36.798, 37.381, 38.533, 29.991, 35.723, 42.441, 35.763
635, 263, 6, 7.868, 6, 6, 6, 6.933, 8.401, 6.534, 7.466, 7.868, 8, 8.668
635, 160, 6, 6.8, 7.333, 8.134, 7.601, 7.333, 8.134, 8.8, 6.534, 9.202, 8.933, 6.534
635, 907, 7.466, 7.733, 11.6, 8.266, 7.066, 10.933, 7.866, 7.868, 9.733, 8.533, 18.266, 7.733
635, 297, 13.6, 7.066, 8.933, 8.4, 6, 17.466, 15.733, 6.534, 6.534, 11.066, 15.465, 6.267
635, 440, 0, 0, 0, 0, 0, 0, 0, 0, 0, 0, 0, 0
645, 907, 9.2, 9.2, 6, 8.4, 6.8, 16.4
645, 160, 6, 6, 6, 6, 6, 6
645, 263, 6, 13.2, 7.6, 6.8, 6, 9.066
645, 680, 0, 0, 0, 0, 0, 0
646, 440, 47.995, 111.199, 51.729, 77.468, 83.726, 64.93, 44.667, 35.993, 39.19, 105.775, 29.439, 32.393
646, 297, 6, 6.534, 8.134, 6, 11.069, 9.202, 14.271, 13.737, 8.668, 12.136, 13.47, 7.601
646, 907, 10.802, 9.468, 17.2, 7.2, 12.133, 6.267, 14.4, 16, 11.466, 10.266, 12.4, 24
646, 160, 6, 6, 6, 6.8, 7.6, 6, 6, 10.8, 11.6, 6, 8.533, 11.6
646, 263, 6.267, 6.8, 6, 7.6, 6, 7.6, 7.333, 8.134, 6.8, 7.6, 7.066, 8.935
646, 680, 0, 0, 0, 0, 0, 0, 0, 0, 0, 0, 0, 0
647, 907, 22, 33.466, 6.267, 6.8, 11.6, 30.799
647, 160, 7.6, 13.2, 6, 6, 7.6, 18
647, 263, 7.601, 9.735, 7.066, 8.4, 8.668, 9.735
647, 680, 0, 0, 0, 0, 0, 0
663, 680, 33.499, 34.93, 33.209, 31.391, 36.699, 36.848, 36.848, 29.439, 42.666, 42.933
663, 263, 7.334, 7.868, 6.534, 6.933, 7.066, 7.067, 7.2, 8.401, 6.933, 6.933
663, 160, 7.868, 6.267, 6.267, 7.334, 7.334, 8.935, 8.134, 6.267, 8.401, 6.8
663, 907, 6.8, 6.267, 7.466, 7.067, 7.466, 17.466, 6.534, 13.2, 10.266, 11.066
1062, 160, 6, 6, 6, 6, 6, 6, 6, 6, 6, 6, 6, 6, 6, 6, 6, 6, 6, 6, 6, 7.2, 7.466
1062, 35, 6, 6, 6, 6, 6, 6, 6, 6, 6, 6, 6, 6, 6, 6, 6, 6, 6, 6.8, 6, 6, 6
1062, 119, 6.534, 6, 6, 6, 6.933, 6, 6.8, 6.267, 6.267, 6, 6, 6.267, 6, 6, 6, 6, 6, 6, 6, 6, 6.267
1062, 370, 6, 6, 6, 6, 6, 6.8, 6, 14, 6.8, 6, 6.8, 9.2, 15.6, 30.8, 18.8, 6.8, 6, 6, 6, 6.267, 6.8
1088, 204, 6, 316.633, 6, 579.181, 17.2, 565.765, 436.9, 558.776, 562.564, 552.709
1088, 822, 6, 6, 6, 6, 6.8, 6, 6.267, 6.534, 6, 6.8
1088, 672, 6.8, 7.067, 6, 11.069, 9.202, 11.336, 10.536, 8.401, 7.333, 6.8
1088, 521, 10.8, 6, 9.6, 6, 6, 10, 9.2, 6.8, 6.8, 6.267
1088, 825, 11.066, 6.534, 7.733, 7.333, 8.533, 9.733, 7.733, 7.6, 7.733, 12.4
1088, 119, 6, 6, 6, 6, 6, 8.4, 7.6, 6, 6, 7.6
1088, 78, 11.069, 8.4, 14.666, 14.8, 16.4, 18.533, 15.333, 8.933, 8.666, 12
1088, 907, 7.334, 6, 6.534, 9.066, 6.8, 7.868, 6.534, 7.6, 8.666, 8.401
1088, 160, 7.6, 18, 10, 13.2, 18.133, 6, 8.4, 22.8, 15.6, 10.266
1088, 364, 6.534, 8.4, 6.8, 6.267, 8.4, 6.8, 11.733, 6.933, 7.6, 6
1088, 287, 61.199, 55.33, 62.399, 22.132, 25.998, 24.399, 34.797, 41.063, 38.798, 38.933
1088, 371, 20.533, 30.4, 17.2, 24.532, 17.6, 24.266, 23.599, 26.798, 27.465, 31.732
1088, 194, 10.269, 10.802, 10.269, 11.069, 8.134, 12.131, 11.066, 9.735, 7.334, 8.401
1088, 549, 6.267, 6.267, 6.267, 7.733, 6.267, 8.933, 8.533, 18.133, 9.2, 7.334
1088, 328, 6, 6.8, 6, 7.733, 6.534, 14, 8.4, 6.267, 6, 6.267
1088, 578, 6.267, 6.933, 6, 6.8, 10.8, 6.933, 6, 6, 7.6, 7.6
1088, 30, 6, 6, 6, 7.067, 6.8, 9.468, 6, 6, 6, 6.267
1088, 709, 6.267, 6, 6, 8.401, 6.534, 6.534, 6.267, 6, 6, 7.601
1088, 618, 6, 6, 6, 6.534, 6.8, 6.267, 6, 6, 7.067, 6
1088, 599, 6, 6.267, 6, 6.267, 6.267, 6, 6, 6, 6, 6
1088, 351, 6, 6, 6, 6.267, 6.8, 6.267, 6, 6, 6, 6
1088, 216, 6, 7.733, 6, 6.8, 6, 6, 7.6, 6, 6, 6
1088, 219, 6.8, 6.8, 8.4, 6.267, 7.067, 6, 6, 6, 6, 6.267
1088, 471, 6.267, 6.534, 8.533, 7.601, 7.601, 13.865, 10.266, 6.267, 8.4, 6
1088, 70, 6, 6.8, 7.334, 6, 6, 6.933, 6.267, 6, 6, 6
1100, 70, 10, 10.266, 7.6, 6, 6, 10.8, 6, 6.8, 6.8
1100, 471, 14.4, 10, 10, 7.6, 6, 7.333, 9.2, 17.866, 7.733
1100, 219, 8.133, 10, 10, 7.868, 7.866, 10, 7.6, 6.534, 8.933
1100, 216, 12.4, 6.8, 6.8, 8.4, 8.4, 7.6, 8.4, 8.4, 7.6
1100, 351, 8.8, 6.8, 6, 6, 6.8, 7.067, 7.6, 6.534, 6
1100, 599, 6, 6, 6.8, 6, 6, 6, 6.8, 6.8, 6
1100, 618, 6.8, 6.8, 6.8, 7.6, 26.933, 6, 20.4, 6, 6
1100, 709, 8.4, 9.2, 6, 17.2, 21.2, 10, 7.733, 6.267, 6
1100, 30, 6.8, 6, 11.066, 21.2, 9.733, 10, 25.333, 6, 9.2
1100, 578, 9.468, 14.532, 17.064, 11.866, 14.399, 22.132, 10.666, 41.733, 21.466
1100, 328, 6.267, 8.4, 17.2, 6, 6, 6.933, 7.866, 6, 6.933
1100, 549, 7.466, 7.2, 7.733, 8.266, 10.666, 9.466, 11.599, 14.399, 8.8
1100, 194, 8.4, 10.665, 12.398, 8, 8, 11.866, 6.8, 14.399, 14.399
1100, 371, 39.732, 35.862, 40.93, 27.864, 35.596, 28.397, 36.796, 37.596, 37.729
1100, 287, 22.666, 24, 33.199, 25.466, 32.932, 31.199, 23.066, 23.732, 39.332
1100, 364, 8.401, 7.334, 6.267, 7.334, 7.601, 7.334, 6.534, 7.334, 6.534
1100, 160, 6.8, 6.267, 6.267, 7.601, 9.199, 7.601, 9.733, 6.534, 6.267
1100, 907, 6.8, 6, 6.267, 6.267, 7.466, 7.334, 7.334, 8.668, 6.534
1100, 78, 6.534, 6.534, 7.334, 6.534, 6.534, 6.534, 6.267, 6.933, 6.534
1100, 370, 6, 6, 6, 6, 6, 6.8, 6.267, 6.267, 6
1100, 825, 6, 6.8, 6, 6, 6, 6, 6, 6, 6
1100, 521, 6, 6, 6.534, 6.267, 6.267, 6.8, 6.8, 7.6, 6.933
1100, 672, 6.534, 6, 6, 6, 6.8, 6, 6, 6, 6
1100, 822, 8.4, 10.8, 6.8, 6, 6, 6, 6, 6, 6
1100, 723, 6, 6.267, 6, 6.8, 6, 6.267, 6, 6, 6
1100, 168, 6.8, 8.134, 6.8, 6, 6, 6.534, 6, 6, 6
1100, 204, 6, 6, 6, 6, 6, 6, 6, 6, 6
1118, 370, 27.9, 27.9, 27.9, 25.766, 27.9, 27.9, 27.9, 25.9, 27.9, 26.833, 25.766, 27.633, 27.9, 27.9, 28.433, 27.9, 30.8, 27.9, 27.9, 27.9, 26.833, 23.9
1118, 119, 6, 6.8, 6.8, 6.8, 6.8, 6, 6.8, 6, 6, 8.4, 6.8, 6, 6.8, 12.4, 7.6, 11.6, 10, 10.8, 10, 8.4, 7.6, 9.2
1118, 35, 6.8, 7.6, 6.534, 6.267, 6, 6, 6, 8.4, 6, 7.6, 6, 6, 6.534, 9.866, 6.8, 7.066, 6, 6.8, 10.932, 7.733, 6, 7.733
1118, 160, 6.267, 6.267, 6.534, 6.267, 6, 6, 6, 6.534, 7.6, 6, 6.267, 6, 7.334, 8.401, 11.6, 12, 6, 6, 6.8, 9.199, 6, 6.8
1218, 280, 6, 6, 6, 6, 26.4, 6, 6, 6, 7.2, 6
1218, 483, 6, 8.4, 6, 6, 6, 6, 7.6, 7.6, 6, 6
1218, 629, 6, 6.8, 6, 6.8, 6.8, 6.8, 6.8, 6.8, 6, 6
1218, 234, 6.8, 6.8, 6, 6.8, 11.599, 6, 7.067, 7.867, 6, 7.6
1218, 105, 6, 6.267, 6, 6.534, 8.935, 6.267, 6.8, 6.267, 6, 6
1218, 260, 6.8, 6.8, 8.4, 6, 7.334, 7.6, 6, 6, 6.8, 6.8
1218, 670, 8.935, 6.534, 7.601, 7.067, 6, 7.067, 8.935, 6, 6.267, 6.534
1218, 7, 6, 6, 6, 6.267, 6, 6, 6, 6, 6, 6
1222, 501, 6.8, 6.8, 8.4, 6.4, 6, 9.6, 10.8, 7.2, 9.6, 8.4, 11.2
1222, 245, 6.267, 6.534, 6, 6, 6, 7.067, 8.666, 7.333, 7.066, 6.8, 15.2
1222, 703, 7.6, 11.6, 6.8, 8.4, 6.8, 6, 17.2, 6, 6, 7.6, 8.799
1222, 519, 7.6, 11.6, 6, 7.6, 7.6, 6, 7.6, 7.6, 6.267, 6.8, 6.267
1222, 280, 10.8, 16.4, 6.4, 9.6, 9.6, 11.6, 20.8, 10.4, 8.4, 10, 17.2
1222, 483, 6, 6, 6, 6, 8.4, 6, 6, 6, 8.4, 10.8, 13.2
1222, 629, 6.534, 6.8, 6.267, 6.8, 8.4, 6, 6.8, 6, 8.4, 12.4, 9.999
1222, 234, 6, 6.933, 6.933, 9.2, 7.067, 7.733, 16.666, 7.733, 9.466, 13.865, 8.932
1222, 105, 6, 6.8, 7.6, 6, 6.8, 17.333, 7.067, 14.133, 6.267, 6.267, 6.8
1222, 260, 10.8, 16.4, 12.4, 7.6, 6, 8.533, 7.6, 13.2, 17.2, 10.399, 12.266
1222, 670, 11.466, 10.799, 20.398, 12.399, 10.533, 9.6, 30.933, 19.333, 24.133, 22.399, 8.533
1222, 7, 6, 10.8, 6, 11.6, 6, 6, 6, 6, 6, 11.6, 13.2
1222, 272, 9.733, 13.999, 6, 10.933, 6.8, 6, 7.866, 8.8, 6.933, 6.933, 14.8
1222, 180, 15.066, 11.599, 15.731, 10.002, 6, 14, 9.202, 26.53, 25.597, 19.065, 16.265
1222, 522, 6.534, 7.866, 7.2, 9.333, 7.6, 11.066, 6, 6, 6, 8.8, 10.665
1222, 305, 10.8, 18.399, 8.266, 11.999, 8.933, 12.266, 11.866, 12.399, 11.332, 8.401, 10.802
1222, 120, 13.066, 12.532, 13.865, 10.536, 7.866, 8.935, 12.67, 11.603, 14.538, 11.336, 10.269
1222, 799, 7.601, 8.668, 7.868, 7.067, 6.8, 6.8, 6.267, 6.534, 6.267, 6.267, 6
1222, 394, 10.002, 7.868, 7.334, 6.534, 10.269, 8.401, 6.534, 6.8, 7.334, 9.468, 6
1222, 336, 6.267, 11.6, 6.534, 6, 6, 6, 6, 7.334, 6, 11.866, 6
1231, 336, 379.595, 298.268, 306.395, 275.2, 265.595, 269.063, 264.262, 247.202, 259.178, 273.866
1231, 385, 6, 6, 6.8, 6, 6, 6, 6, 10, 6, 6
1231, 394, 6, 6, 6, 6, 6.8, 6, 6, 8.4, 10.8, 14.8
1231, 799, 6, 6, 6, 6, 6, 6, 6, 6.8, 6, 8.4
1231, 120, 12.4, 8.4, 6, 9.2, 10, 6.8, 18.133, 6, 6.8, 7.6
1231, 305, 10.8, 6.8, 7.6, 6.8, 20.533, 18.8, 23.6, 6.8, 6, 8.4
1231, 522, 8.4, 6.8, 6, 6.8, 10.8, 6.8, 10, 13.2, 9.2, 9.333
1231, 180, 7.6, 8.4, 6.8, 6, 8.401, 7.601, 6, 6.534, 7.866, 11.866
1231, 272, 14.133, 6.8, 6.8, 6.8, 6, 6, 7.2, 7.601, 14.932, 11.066
1231, 7, 6.8, 8.4, 6, 6, 6, 6, 6, 6, 6.8, 8.4
1231, 105, 6.534, 9.865, 7.868, 8.266, 7.067, 8.4, 9.199, 6.933, 15.465, 8.401
1231, 234, 19.998, 13.466, 8.8, 10.664, 6.933, 10, 7.866, 6.933, 10.666, 11.732
1231, 629, 10.666, 7.866, 12.532, 10, 6, 6, 13.466, 6.933, 8.8, 6
1231, 483, 10.666, 7.866, 6, 6, 6.933, 6, 6.933, 7.866, 6.933, 6
1231, 280, 13.6, 13.2, 7.6, 14.4, 27.6, 21.2, 13.6, 6, 7.6, 10
1231, 703, 7.6, 6.933, 7.866, 7.866, 7.866, 6, 6.933, 6, 6, 7.866
1231, 245, 11.732, 15.464, 14.265, 15.73, 15.33, 13.597, 15.732, 8.935, 13.332, 8.134
1231, 501, 26.4, 22.8, 21.2, 24.4, 24.4, 16, 22, 18.4, 13.6, 11.2
1233, 157, 6, 6, 6, 6, 6.8, 10.8, 14.933, 8, 6, 6, 6, 6.8, 10.4
1233, 105, 6.267, 7.334, 6, 8.666, 8, 10, 8.668, 6, 6.8, 9.333, 10.8, 7.6, 7.066
1233, 234, 7.067, 8.934, 8, 16.4, 6, 11.599, 11.198, 8.799, 13.999, 6, 6.933, 6, 7.866
1233, 629, 6.267, 8.4, 9.2, 6, 8.8, 6, 6, 14.8, 6, 6, 12.532, 6, 6.933
1233, 483, 6.8, 7.6, 22.8, 6, 6.933, 6, 6.933, 6, 6, 7.866, 8.8, 8.8, 8.8
1233, 280, 11.2, 19.415, 27.2, 14.4, 15.2, 10, 12.4, 18, 25.2, 28, 18, 18.4, 10.8
1233, 703, 9.2, 7.2, 7.866, 7.2, 6.8, 8.8, 6.933, 7.866, 6.933, 6, 6.933, 6.933, 7.866
1233, 245, 10, 12, 7.868, 9.202, 11.336, 13.47, 16.405, 19.73, 18.396, 12.532, 11.069, 9.599, 9.202
1233, 501, 0, 0, 0, 0, 0, 0, 0, 0, 0, 0, 0, 0, 0
1240, 501, 7.2, 13.6, 9.2, 6.8, 6.8, 6, 8, 10.8, 10, 10.4, 14.8, 9.6, 11.2, 8, 6.8
1240, 245, 7.334, 6, 7.066, 6.267, 6, 6, 7.866, 7.2, 6.534, 6, 6.8, 6, 7.334, 8.4, 7.6
1240, 703, 17.333, 9.2, 6, 9.2, 6.8, 6.8, 10, 6.8, 10.8, 9.2, 6.267, 6, 6, 6, 6
1240, 519, 11.6, 10, 6, 6.8, 6, 6.8, 10.8, 6, 6.8, 6.8, 6, 6, 6, 6.534, 6.8
1240, 280, 20.4, 12.4, 6, 10, 6, 6, 20, 9.2, 10, 9.6, 10.4, 6.4, 6.4, 6, 6.8
1240, 483, 6, 6, 6.8, 7.6, 6.8, 6, 6, 6, 6.8, 9.2, 9.2, 6, 6.534, 6.933, 7.067
1240, 629, 7.6, 6, 6.267, 8.8, 6.8, 7.6, 6, 6.8, 8.4, 9.333, 9.332, 8.799, 7.2, 7.067, 8.666
1240, 234, 7.066, 6.8, 6.933, 7.867, 10.133, 6, 6.8, 7.733, 8.666, 14.933, 8.799, 6.267, 6, 6.8, 8.4
1240, 105, 6.8, 6, 6, 6, 7.334, 6, 6.267, 6, 6, 6, 7.067, 6, 6, 6, 6.267
1240, 142, 7.333, 6.534, 6.267, 6.8, 7.601, 8.668, 9.202, 9.466, 7.334, 8.134, 6.8, 6.534, 7.866, 7.733, 6
1244, 670, 7.6, 9.2, 6, 6, 6, 6.8, 7.6, 6.267
1244, 105, 7.601, 7.2, 6.534, 6.267, 6, 6.8, 6, 6
1244, 234, 6.534, 17.6, 9.066, 7.067, 10, 10.133, 9.599, 6.8
1244, 629, 9.2, 6, 9.2, 18.133, 6, 11.866, 31.733, 20.4
1244, 483, 10, 6, 14, 28.4, 6, 9.733, 9.733, 32.8
1244, 280, 10, 26.4, 16.8, 26.4, 35.085, 26.4, 26.4, 26.8
1400, 680, 90.865, 75.396, 54.066, 52.995, 49.263, 50.198
1400, 183, 10.266, 7.866, 7.733, 6.933, 12.399, 8.4
1400, 238, 6.8, 6, 6.8, 9.333, 7.066, 9.466
1400, 41, 7.601, 10.536, 7.334, 8.935, 8.401, 7.868
1400, 490, 7.6, 6, 6, 6, 7.067, 7.067
1400, 745, 6.8, 6.267, 6.8, 7.067, 6, 7.067
1400, 377, 6, 8.533, 6, 7.067, 6.267, 6.267
1400, 579, 6, 6, 6, 6, 6.267, 6.267
1404, 579, 143.265, 132.866, 131.397, 133.528, 113.392
1404, 377, 10.266, 7.6, 6.267, 6.933, 10
1404, 745, 9.2, 11.6, 9.066, 11.733, 6.8
1404, 490, 11.6, 14, 12.4, 8.4, 12.4
1404, 41, 10.8, 9.6, 11.6, 7.6, 10.933
1404, 238, 6.8, 8.4, 14.933, 10.8, 6
1404, 183, 13.204, 16.138, 14.271, 14.004, 14.271
1404, 680, 0, 0, 0, 0, 0
1572, 108, 47.666, 122.965, 51.665, 49.266, 44.6, 41.263, 189.899
1572, 85, 6.8, 8.4, 10, 12.4, 8.4, 14.8, 6
1572, 450, 9.333, 10, 8.4, 7.6, 6.933, 7.067, 14.266
1572, 263, 6.267, 7.334, 7.466, 6, 11.333, 7.868, 7.601
1572, 195, 6, 6, 7.067, 6.267, 6.267, 6.267, 7.334
1572, 355, 6.534, 6.267, 7.067, 7.067, 6.933, 7.601, 7.067
1572, 21, 6, 6, 6.8, 6.267, 6, 8.401, 9.733
1572, 781, 9.6, 6.4, 6, 8, 15.2, 8, 10.8
1572, 214, 9.735, 6, 7.334, 6.8, 6, 6.933, 7.868
1572, 271, 7.066, 6, 6, 6, 7.066, 6, 7.601
1572, 850, 0, 0, 0, 0, 0, 0, 0
1577, 850, 21.6, 21.467, 22.399, 22.933, 25.866, 32.8, 26.8
1577, 271, 6, 7.733, 8.8, 6.933, 23.6, 17.198, 12.399
1577, 214, 6, 7.601, 14.532, 11.733, 6.933, 25.064, 15.332
1577, 781, 7.2, 7.6, 14, 11.2, 22.4, 20, 24.4
1577, 21, 6.267, 6, 6, 6, 10, 9.2, 6
1577, 355, 6.267, 6.933, 6, 6.8, 14.533, 8.401, 10.133
1577, 195, 6, 6, 6.267, 6.267, 6, 6.8, 6.534
1577, 263, 6, 6, 7.868, 7.2, 9.468, 6.267, 7.6
1577, 450, 6.8, 6.8, 6, 6, 6.8, 6, 6.267
1577, 85, 6.8, 6.8, 8.4, 11.6, 6, 6.534, 6
1577, 108, 0, 0, 0, 0, 0, 0, 0
1650, 600, 10.933, 10.666
1650, 714, 19.599, 15.732
1650, 371, 21.2, 13.066
1650, 318, 9.066, 8.666
1650, 647, 12.8, 14.133
1650, 21, 11.866, 9.733
1650, 362, 24.798, 20.931
1650, 721, 6, 6.933
1650, 543, 6, 12.532
1650, 334, 6.267, 7.333
1650, 266, 6, 6
1650, 601, 10.4, 16.8
1650, 696, 6, 6
1650, 107, 8.401, 7.067
1650, 299, 7.066, 9.468
1650, 722, 6.8, 7.6
1650, 32, 0, 0
1656, 32, 837.465, 811.991
1656, 722, 9.466, 23.333
1656, 299, 32.132, 20.931
1656, 107, 6, 6
1656, 696, 6, 6
1656, 601, 9.2, 6
1656, 266, 6.933, 11.599
1656, 334, 6.267, 6
1656, 543, 6.933, 6
1656, 721, 6.267, 6
1656, 362, 14.533, 10.666
1656, 21, 6, 7.866
1656, 647, 6, 6.933
1656, 318, 11.466, 10.666
1656, 371, 12.4, 14.8
1656, 714, 12.67, 15.33
1656, 600, 11.999, 20.532
1656, 440, 15.466, 22.132
1656, 297, 7.067, 6.267
1667, 364, 6, 6, 6, 6, 10, 13.2
1667, 287, 8.4, 9.6, 40.4, 9.2, 34.533, 18.399
1667, 371, 7.6, 6.8, 29.2, 34.133, 22.133, 42.266
1667, 194, 6.933, 6.8, 8.401, 9.202, 8.935, 7.601
1667, 549, 6, 6, 6.8, 6.534, 6, 6.933
1667, 328, 6, 6, 6.267, 8.533, 8.533, 6.8
1667, 578, 6, 6, 6.8, 6.267, 10.266, 10.4
1667, 30, 6, 6, 6, 6.267, 6.8, 7.601
1667, 709, 6, 6, 6, 6, 6, 6.267
1667, 618, 6, 6, 6.534, 7.067, 6, 6
1667, 599, 6, 6, 6.267, 6, 7.067, 6.267
1667, 351, 6, 6, 6, 6, 6.8, 6.534
1667, 216, 6, 6, 6, 6, 6, 6
1667, 219, 6, 6, 6.8, 6, 10.133, 6.534
1667, 406, 6.267, 6.534, 6.267, 7.067, 7.334, 8.4
1667, 823, 6, 6, 10.8, 7.866, 11.733, 6
1667, 592, 6, 6.267, 8.668, 7.601, 8.935, 6.267
1667, 139, 6, 6, 10, 6, 7.6, 7.6
1668, 139, 405.365, 406.566, 388.697, 403.23, 535.306, 570.033
1668, 823, 8.533, 6, 7.066, 8.4, 6.8, 8.4
1668, 406, 6.8, 6.8, 8.4, 6.8, 10, 7.6
1668, 216, 8.4, 6.8, 7.6, 7.6, 10, 7.6
1668, 351, 6.8, 6, 6, 8.4, 6.8, 6.8
1668, 599, 6, 6, 6, 6.8, 6, 6
1668, 618, 6, 6, 6, 7.6, 11.6, 6
1668, 709, 7.2, 6.8, 7.067, 9.866, 9.2, 9.733
1668, 30, 10, 14.8, 6, 6, 10, 6
1668, 578, 7.333, 14.799, 6.8, 8.933, 7.601, 17.733
1668, 328, 6.8, 6, 6.8, 6, 6, 6
1668, 549, 12.264, 6.933, 8.934, 16.663, 12.532, 6
1668, 194, 8.533, 10.4, 9.066, 8.533, 6.534, 8.401
1668, 371, 33.465, 42.664, 45.466, 38.397, 42.795, 41.065
1668, 287, 12.8, 10.133, 6.534, 39.465, 29.466, 28.933
1668, 364, 6.8, 7.334, 7.067, 7.067, 7.868, 7.601
2052, 840, 15.9, 115.931, 15.9, 143.528, 12.7, 220.33, 46.998, 51.932, 45.931, 34.867, 55.667, 48.868, 53.265, 10.995, 9.466, 7.067, 8.134, 6.267
2052, 481, 6.8, 6.8, 7.6, 12.4, 6.8, 6.8, 8.4, 6.8, 7.6, 6.8, 10, 21.2, 8.4, 7.6, 6.8, 7.6, 11.6, 11.6
2052, 271, 7.6, 18.8, 12.4, 8.666, 9.2, 8.4, 7.6, 9.2, 7.6, 6.8, 12.4, 6, 22.8, 22, 6, 10.933, 14.8, 10.8
2052, 613, 10, 9.466, 11.6, 7.6, 33.2, 12.4, 15.6, 12.4, 12.399, 8.4, 17.999, 12.932, 8.8, 10.533, 11.6, 14.8, 9.466, 6
2052, 148, 7.067, 6, 6, 6, 6, 10.8, 9.333, 11.866, 7.733, 9.2, 13.466, 13.332, 10.666, 29.333, 19.6, 18.8, 9.199, 6.933
2052, 549, 6, 7.601, 7.601, 6, 7.866, 8.133, 7.334, 7.6, 7.6, 6.8, 7.466, 11.069, 10.269, 7.066, 11.6, 6.933, 9.332, 6.933
2052, 614, 6, 7.067, 7.334, 7.868, 7.6, 8.668, 8.134, 7.601, 6.534, 6.8, 7.601, 9.202, 9.202, 9.735, 12.403, 8.932, 11.87, 10.802
2052, 170, 6, 6, 6.8, 6, 6.8, 6.267, 6, 6.534, 7.334, 6.534, 8.134, 6, 6, 6, 7.067, 7.067, 8.935, 6.8
2068, 631, 6, 6, 6, 6, 7.6, 6.8, 6.8, 8.4, 6.267, 10.8, 16.533, 10.8, 10.933, 22, 15.6, 17.2
2068, 170, 6.8, 6, 6, 6, 6, 6, 9.2, 7.6, 6, 10, 15.6, 10, 6, 7.6, 15.6, 22
2068, 614, 6.267, 10, 6, 6.8, 6.534, 6.267, 6, 6.267, 6, 9.2, 8.4, 6.267, 6.8, 13.2, 16.533, 13.866
2068, 549, 6, 7.333, 6.8, 6.8, 7.6, 6, 8, 6.267, 6.8, 6.8, 9.733, 9.2, 6, 9.2, 9.2, 6
2068, 148, 8.4, 6, 6, 6.8, 8.4, 6.8, 6.8, 6.8, 14.8, 16.533, 12.533, 13.2, 23.866, 14.8, 13.6, 6
2068, 613, 7.6, 6.8, 7.6, 9.2, 10, 7.6, 9.866, 9.2, 12.666, 8.8, 8.8, 23.333, 25.2, 6, 6, 6
2068, 271, 10.8, 14.8, 11.6, 10.8, 9.2, 6.267, 7.066, 8.4, 17.333, 6, 6, 8.4, 6.933, 18.666, 10.533, 6
2068, 481, 12.403, 9.735, 9.735, 10.536, 10.398, 9.332, 7.466, 7.334, 18.806, 14.538, 12.264, 12.136, 7.466, 12.937, 12.398, 8.935
2068, 840, 6, 6.534, 6, 6, 6, 6.534, 6.8, 6.8, 6, 9.466, 7.067, 7.334, 6.267, 6.267, 6.267, 6
2185, 108, 223.979, 233.367, 208.431, 192.645, 200.133, 202.929, 194.91, 167.469
2185, 50, 7.6, 6.267, 6, 6, 6.267, 6.8, 6, 6
2185, 624, 6.534, 6, 7.601, 6, 6, 6.267, 6.267, 6.267
2185, 246, 6.8, 6, 6.267, 6, 6, 6.8, 8.4, 6
2185, 193, 6, 6.534, 8.533, 7.6, 6.8, 10.933, 12.532, 11.069
2185, 102, 6.267, 6, 9.199, 6, 6.267, 11.069, 8.932, 10.133
2185, 432, 6.267, 6, 7.334, 6.267, 6.534, 7.466, 7.066, 6.267
2185, 422, 11.069, 7.868, 6.534, 6.267, 6.267, 8.401, 6.8, 6.534
2185, 616, 6, 6, 6, 6, 6.8, 6, 6, 6
2185, 458, 6, 6, 6, 6, 6.8, 6, 6.267, 6
2190, 458, 6, 6.8, 6, 6, 7.6, 6.8, 6.8
2190, 616, 6, 6, 7.6, 6.8, 6.8, 7.466, 6
2190, 130, 6, 6, 6.267, 6, 7.334, 11.069, 6.534
2190, 422, 6.8, 6, 6, 7.733, 7.6, 6, 6
2190, 432, 6.8, 6.8, 10.8, 10.8, 11.6, 7.6, 6
2190, 102, 7.333, 7.601, 8.134, 9.332, 8.532, 8, 6.933
2190, 193, 7.601, 10.802, 8.668, 9.466, 13.33, 10.802, 8.668
2190, 246, 6.267, 6.267, 6.267, 11.336, 9.468, 6.267, 6.267
2190, 50, 10, 6.8, 6.8, 8.4, 7.867, 9.2, 6.8
2190, 108, 0, 0, 0, 0, 0, 0, 0
2509, 688, 10, 6.8, 7.6, 6, 6.8, 22.8, 6, 6, 10.8
2509, 275, 16.533, 26, 6.8, 13.2, 17.2, 13.2, 6.8, 14.133, 6
2509, 521, 6.933, 6, 22.8, 23.6, 25.2, 12.4, 8.4, 17.2, 6
2509, 469, 15.332, 10.399, 7.2, 12.532, 7.866, 6.933, 9.6, 10.666, 9.733
2509, 197, 6, 11.733, 9.466, 9.733, 15.332, 6, 38.8, 14.399, 8.8
2509, 188, 18.54, 26.528, 28.794, 19.46, 19.073, 19.862, 27.193, 17.739, 46.128
2509, 312, 6, 7.6, 6.8, 6, 6.267, 6, 6.933, 6.8, 7.2
2509, 745, 6, 7.333, 8.4, 6.267, 6, 9.866, 14.132, 6, 9.202
2509, 685, 10, 7.333, 8.933, 7.6, 6, 14, 18.4, 6.534, 6.8
2509, 102, 7.6, 9.2, 15.6, 12.4, 8.4, 14, 11.733, 16.533, 14
2509, 634, 8, 11.866, 7.601, 13.2, 10.932, 8.134, 6.8, 7.601, 6.933
2509, 777, 12.133, 10.802, 11.732, 9.199, 10.399, 15.466, 13.6, 15.2, 15.865
2509, 1, 7.066, 7.2, 8.399, 11.333, 9.468, 7.334, 10.132, 13.998, 9.202
2509, 661, 13.47, 9.202, 6.534, 8.133, 6.534, 9.468, 7.334, 8.935, 6.8
2509, 44, 0, 0, 0, 0, 0, 0, 0, 0, 0
2517, 44, 130.957, 148.045, 207.894, 199.359, 270.693, 273.63, 257.629, 208.379, 192.391
2517, 1, 6, 6.933, 6.933, 6.267, 6, 6.8, 6.534, 6.8, 6.534
2517, 777, 7.733, 8.4, 9.2, 10.8, 12.533, 8.4, 6, 8.4, 7.733
2517, 634, 6, 6, 6.8, 6, 6.534, 7.6, 6, 6, 6
2517, 234, 10, 16.533, 15.733, 9.2, 13.333, 13.333, 16.266, 10.133, 19.733
2517, 102, 8.4, 10.8, 14.8, 18, 12.533, 20.8, 6, 6.933, 6
2517, 685, 8.533, 8.533, 8.8, 13.466, 21.6, 8.533, 8.8, 7.866, 14.399
2517, 745, 6, 11.598, 9.733, 6, 10.268, 18.132, 9.733, 13.466, 12.532
2517, 312, 6, 10.133, 6.267, 6.534, 6, 7.866, 10.666, 10.666, 7.866
2517, 188, 25.332, 21.728, 40.528, 37.729, 27.464, 20.528, 36.662, 37.729, 37.729
2517, 197, 8.668, 7.067, 7.868, 8.133, 19.332, 9.202, 9.865, 10.002, 8.932
2517, 469, 8.4, 7.6, 6.267, 12, 15.066, 6.267, 7.066, 16.533, 11.333
2517, 521, 7.601, 6.267, 6.267, 9.998, 7.601, 6.8, 6.267, 7.066, 6
2517, 275, 7.334, 7.601, 10.002, 13.47, 12.937, 8.401, 9.735, 10.269, 10.536
2517, 688, 6, 6.534, 6.267, 6.267, 6.267, 6.267, 6.267, 6.534, 6.267
2522, 234, 7.2, 11.733, 10, 10.8, 20.4, 10.933, 20.266, 13.2, 20.4, 20.4, 8.4
2522, 102, 18, 14.8, 9.2, 14, 6, 10, 6, 6, 6, 6.933, 6
2522, 685, 11.733, 13.466, 9.333, 11.466, 9.733, 18.933, 16.666, 14.399, 6, 13.466, 13.466
2522, 745, 8.4, 8.4, 7.067, 12, 8.8, 8.8, 19.998, 19.065, 6.933, 14.399, 17.198
2522, 312, 6.8, 6.267, 8.4, 9.466, 6, 6, 6, 6, 6, 6.933, 7.866
2522, 188, 15.872, 20.396, 26.264, 42.395, 41.462, 38.662, 37.596, 30.262, 22.798, 31.196, 36.796
2522, 197, 7.067, 7.466, 9.468, 8.134, 8.266, 9.466, 13.198, 8.668, 8.134, 10.932, 9.998
2522, 469, 6.8, 6.267, 6, 7.066, 6, 12.532, 8.533, 7.466, 11.066, 20.666, 13.866
2522, 521, 6, 6.267, 7.6, 7.066, 7.333, 8.134, 7.067, 6.267, 6.933, 6.933, 7.334
2522, 275, 8.401, 7.601, 9.468, 9.735, 12.403, 13.204, 13.204, 8.134, 10.269, 13.204, 10.802
2522, 688, 6, 6, 6, 6.267, 6.534, 6.534, 6.8, 6.267, 6.267, 6.534, 8.133
2523, 688, 9.2, 6, 6, 6, 6, 16.4, 15.6, 6, 6, 6
2523, 275, 26.133, 18.8, 8.4, 21.2, 9.2, 7.6, 6, 14.8, 21.2, 8.4
2523, 521, 6, 6, 43.6, 18.8, 19.6, 13.2, 7.6, 6, 6, 6
2523, 469, 12.532, 9.6, 9.066, 6, 9.733, 19.2, 22.266, 6.933, 8.8, 8.8
2523, 197, 9.733, 6.8, 7.6, 11.599, 10.666, 7.866, 6.933, 9.733, 7.866, 8.8
2523, 188, 18.006, 18.261, 22.527, 28.527, 26.128, 23.329, 17.861, 25.327, 22.26, 18.806
2523, 312, 6, 6.267, 6, 6, 6, 6, 6, 6.534, 6, 6.8
2523, 745, 6.267, 7.733, 6.534, 6, 6.267, 8.933, 7.334, 6.534, 6, 6
2523, 685, 6, 6, 8.533, 6, 6.8, 8.8, 9.6, 6.267, 6.534, 8.134
2523, 102, 8.533, 15.733, 7.6, 8.266, 6.933, 7.2, 9.6, 6.8, 10.8, 8.4
3336, 557, 8.4, 10.8, 6.8, 9.2, 6, 6, 6, 6.8, 6, 6, 6, 7.6, 7.6, 6, 6, 6, 6
3336, 370, 12.4, 14, 10.8, 9.2, 6.8, 6, 6.8, 22.8, 18.133, 8.4, 8.4, 17.2, 8.4, 13.2, 9.2, 9.2, 9.2
3336, 119, 10.933, 11.6, 7.6, 6, 6, 6.8, 6.8, 7.6, 8.4, 6, 9.2, 15.6, 14, 8.4, 7.6, 6, 16.4
3336, 825, 11.6, 7.6, 8.4, 8.4, 6.8, 7.6, 11.6, 9.333, 6.8, 6.8, 12.4, 14, 16.4, 18, 8.4, 11.6, 23.6
3336, 568, 21.866, 8.935, 7.6, 6.933, 8.533, 17.466, 14.933, 6.8, 6, 6, 14.933, 6, 16.666, 20.266, 9.333, 12.133, 19.065
3336, 136, 7.866, 13.066, 6, 6, 6.8, 12.4, 14.132, 13.333, 15.6, 8.4, 22.133, 11.599, 11.599, 18.132, 23.599, 15.866, 8.8
3336, 85, 6, 6, 6, 7.067, 6, 6.8, 9.2, 7.6, 7.066, 12.4, 13.466, 6.933, 14.532, 9.468, 7.868, 6.8, 7.066
3336, 108, 28.4, 21.6, 13.2, 12, 11.6, 24.4, 22.4, 14.4, 14, 16.8, 26.4, 24, 35.2, 17.2, 19.2, 20, 26.4
3336, 99, 7.067, 6.267, 7.6, 6, 6.933, 6, 6, 6.267, 6, 6.534, 7.6, 6.267, 7.334, 6.8, 6.8, 6.267, 6.267
3336, 490, 6.8, 7.6, 10, 7.6, 6, 6.267, 6, 9.202, 10.266, 7.733, 9.333, 6, 11.069, 8.401, 8.935, 6.8, 7.334
3336, 624, 6.534, 7.067, 8.668, 6.8, 6, 6.267, 6, 7.868, 8.401, 6.534, 6.8, 6.534, 6.8, 6.267, 6.8, 6, 6
3344, 280, 271.6, 222.267, 213.867, 202.002, 203.202, 200.003, 180.272, 196.402
3344, 483, 6.8, 6, 6, 7.6, 7.6, 6, 7.6, 11.6
3344, 629, 6.8, 6, 6, 14, 6, 7.6, 9.2, 6
3344, 845, 10, 6.8, 6.8, 15.6, 6.8, 20.4, 15.6, 15.466
3344, 316, 8.4, 6.8, 7.6, 12.666, 6.534, 15.866, 13.2, 11.2
3344, 193, 16.4, 6, 14, 7.6, 6, 22.8, 13.2, 10.8
3344, 246, 17.2, 6.8, 13.6, 19.066, 8.4, 10.666, 7.866, 14.931
3344, 490, 6.8, 10, 14, 7.866, 8.4, 6, 10, 10.133
3344, 99, 6, 6.8, 7.6, 9.066, 14, 6, 6, 6
3344, 108, 31.6, 19.6, 37.2, 33.2, 42, 33.2, 29.2, 24.4
3344, 85, 6, 6, 7.067, 6.267, 6, 6, 7.334, 8.401
3344, 136, 8.134, 11.733, 6.8, 12.133, 6.933, 11.999, 11.069, 9.066
3344, 568, 7.067, 15.2, 6.8, 7.868, 8.668, 8.399, 7.067, 8.932
3344, 825, 8.134, 8.401, 6.534, 6.8, 8.134, 7.067, 6.267, 7.067
3344, 119, 6.534, 6.534, 6.267, 8.401, 8.134, 7.334, 6.8, 7.067
3344, 370, 6.267, 6, 6.534, 6.534, 6.267, 6.534, 6.267, 6.534
3345, 246, 6, 10.8, 6, 12.4, 6, 6.8, 7.6, 7.6, 6, 17.2, 6, 8.4, 26, 26, 25.2, 9.2, 8.4, 10.8
3345, 490, 7.6, 9.2, 15.6, 10, 6, 10, 6, 12.4, 11.6, 6.8, 7.6, 14, 12.4, 25.2, 6.8, 11.6, 6, 10.8
3345, 99, 7.066, 8.4, 9.2, 6, 6.8, 10, 10.8, 8.4, 6, 10.8, 6.8, 8.533, 7.866, 6, 15.2, 6, 10.8, 7.6
3345, 108, 8.4, 25.2, 20.4, 10, 6.4, 25.2, 16.4, 37.2, 31.567, 21.6, 25.831, 25.6, 31.6, 29.2, 36.4, 42, 38.882, 29.6
3345, 85, 6, 6, 6, 6, 6.8, 6, 6, 6.267, 7.333, 8.8, 10.133, 6, 6, 6.534, 9.065, 7.601, 6.534, 6.534
3345, 136, 6, 6.534, 6.267, 6.933, 6.933, 7.333, 6, 7.066, 15.2, 14.8, 11.6, 8.532, 7.868, 10.132, 8.666, 7.601, 7.601, 8.933
3345, 568, 7.6, 8.401, 7.6, 9.2, 7.6, 7.067, 8, 6.534, 8.133, 8.134, 8.8, 7.733, 7.601, 8.668, 7.466, 9.468, 8.935, 10.532
3345, 825, 6, 6.267, 6.267, 6.267, 6.267, 6.267, 6.267, 7.868, 8.935, 8.935, 9.735, 7.067, 7.334, 6.933, 7.067, 6.534, 6.8, 7.601
3345, 119, 6, 6.267, 6, 6, 6, 6.8, 6.267, 6.534, 6.267, 8.935, 7.067, 7.601, 6.8, 6.8, 7.067, 6, 7.868, 6.8
3345, 370, 6.267, 6, 6, 6.267, 6, 6.8, 6, 7.067, 7.067, 6.534, 6, 6, 6.267, 6, 6, 6, 6.267, 7.601
3349, 557, 6.534, 6, 6, 6.8, 6, 6, 12.4, 6.8
3349, 370, 14, 6.8, 9.2, 7.6, 16.4, 10.933, 11.733, 14
3349, 119, 14.8, 6, 6, 6, 8.4, 12.533, 7.6, 7.6
3349, 825, 9.2, 8.4, 7.6, 6.8, 6, 13.466, 26.8, 9.2
3349, 568, 19.066, 7.066, 10.266, 6, 6, 12.8, 7.6, 11.6
3349, 136, 9.733, 6, 13.2, 11.6, 8.4, 20, 11.599, 12.533
3349, 85, 6.8, 6.267, 6.267, 6, 6, 6, 13.737, 9.199
3349, 108, 25.6, 13.2, 18, 12.4, 10, 25.2, 25.2, 23.2
3349, 99, 6, 6, 6, 6.534, 6, 6, 7.333, 7.601
3349, 490, 6.8, 6.8, 6, 6, 8.134, 7.6, 9.199, 7.466
3349, 624, 6.8, 7.733, 6, 6, 10.533, 7.733, 6.267, 6.534
3349, 246, 6.8, 7.6, 6, 6, 9.2, 6.8, 7.6, 6.8
3349, 193, 15.733, 18, 39.6, 20.4, 24.4, 28.4, 18, 23.6
3349, 316, 26.933, 8.8, 9.2, 26.8, 6, 15.066, 8.133, 9.468
3349, 845, 6.8, 6, 6, 9.2, 9.733, 7.6, 18.666, 14.8
3349, 629, 15.332, 19.065, 25.328, 25.597, 14.399, 15.332, 26.53, 17.731
3349, 483, 6, 6, 22.133, 6, 10.666, 12.799, 6.933, 10.269
3349, 280, 0, 0, 0, 0, 0, 0, 0, 0
