635, 24681, 0, 0, 135.534, 571.808, 170, 661.866, 144
536, 17783, 1, 0, 28, 102, 198, 280.4, 159.2, 136.6, 125.8, 181.6, 394, 84, 141.8, 97, 177.2, 65, 114, 501.94, 276.668, 188, 140, 279.067
419, 12062, 2, 0, 63, 91, 52, 31, 53, 66, 40, 59.2, 36, 36, 50, 56, 65, 55, 108, 228.133, 56.969, 32, 39, 27, 50, 97, 183
1233, 43525, 3, 57, 1021.2, 158.8, 395.466, 176, 234, 479.533, 152, 458.7
453, 13097, 4, 0, 94, 69, 57, 57, 47, 55, 28, 63, 141.733, 50, 100, 55, 128.8, 54, 33, 42, 60, 40, 146, 39, 71, 56
473, 14985, 5, 0, 192.6, 152.2, 141.334, 192.8, 110, 64, 190.267
419, 12063, 6, 0, 63, 91, 52, 31, 53, 66, 40, 60, 36, 36, 50, 56, 64.2, 55, 108, 233.2, 49.359, 32, 39, 27, 50, 97, 183
2509, 93731, 7, 187.016, 254.8, 65, 166.666, 105, 227, 229, 143, 122, 180.267, 567.398, 212.199, 124, 251.668, 173
3344, 127729, 8, 0, 152, 94, 152.4, 48, 52, 163.6, 178.4, 88, 278, 118.6, 85, 129.334, 122.6, 38, 102.336
1231, 43378, 9, 0, 64.4, 145, 301, 160, 167.6, 106, 115, 150.6, 63, 693.199, 159.6, 395.733, 176, 234, 454.071, 149.6, 298.666
549, 18431, 10, 162, 274, 145, 186.2, 335.6, 516.401, 132.534, 82, 156.002, 86, 115.8, 79, 281.2, 176.267, 123.267, 133.668, 158, 258, 183.2, 97, 65
3336, 127163, 11, 78.2, 257, 50.2, 54, 101.8, 112.6, 99, 112, 275.202, 103, 165.267
453, 13098, 12, 0, 94, 69, 57, 57, 47, 55, 28, 63, 140.267, 50, 100, 55, 129.6, 54, 33, 42, 60, 40, 146.8, 39, 71, 56
2517, 94596, 13, 0, 437.4, 127, 229.4, 265.8, 255, 185.267, 141, 127, 223.6, 195.401, 75, 162.267, 78.267, 318.6
646, 25601, 14, 0, 182, 712.266, 106.267, 612.066, 131
28, 1531, 15, 0, 33, 40, 351
473, 14986, 16, 0, 192.6, 161.533, 141.6, 193.067, 110, 64, 190
2052, 78008, 17, 0, 174, 135, 114.8, 183.8, 141, 126.933, 85
419, 12064, 18, 0, 63, 91, 52, 31, 53, 66, 40, 60, 36, 36, 50, 56, 65, 55, 108, 230.933, 47.915, 32, 39, 27, 50, 97, 183
1088, 38920, 19, 0, 352.8, 88, 449, 235.8, 51, 387.067, 192, 83.19, 163.333, 93, 243.535, 129.34, 75, 97.534, 304.267, 170, 124, 38, 82, 132, 84, 112, 100.267, 143
1118, 40938, 20, 0, 39, 293.2, 301
1667, 59149, 21, 183, 93, 239.267, 117.733, 75, 97, 304, 170, 124, 38, 82, 131, 84, 113, 239.267, 275.801, 323.067, 48
466, 14087, 22, 108, 196.4, 65, 110, 200.4, 146, 140.933, 136
2522, 94795, 23, 269.2, 260.6, 186.6, 141, 128.6, 223.066, 193.267, 75, 162, 78, 317
1222, 42627, 24, 0, 231.367, 118, 23, 509.4, 163.066, 80, 188, 158, 443.6, 65.6, 33, 109, 231, 186.6, 166.8, 166, 108, 230.336, 163.402
1233, 43526, 25, 57, 1017.017, 158, 393.6, 176, 234, 470.712, 156, 460.688
536, 17784, 26, 0, 28, 102, 199.6, 280.4, 157.6, 132.6, 125.8, 180, 394.8, 84, 145.8, 97, 177.466, 65, 114.534, 499.807, 274, 191.2, 140.8, 278.801
2523, 94832, 27, 186.2, 247.6, 65, 169.466, 105, 227, 229, 143, 122, 181.6
453, 13099, 28, 0, 94, 69, 57, 57, 47, 55, 28, 63, 140.431, 50, 100, 55, 130.4, 54, 33, 42, 60, 40, 146, 39, 71, 56
1244, 44203, 29, 381.8, 747.423, 158, 392.8, 176, 234
1062, 37618, 30, 50, 272, 286.6, 181
1100, 39670, 31, 264, 186, 116, 66, 51, 94, 94, 43, 143.8, 192.067, 303.6, 98, 73, 123.666, 236.002, 106.172, 226.269, 83.534, 162.334, 261, 147, 209.8, 340.067, 127, 196, 51, 174
3349, 128454, 32, 77.4, 259.4, 48.6, 54, 101.8, 111.8, 99, 112.8, 275.867, 103.8, 166.6, 26, 249.2, 44, 56, 167, 100, 119
1668, 59223, 33, 0, 365.6, 321.6, 325.6, 67, 104, 94, 43, 144.6, 199, 302.933, 99.733, 73, 120.333, 241.072, 99.735
1218, 42192, 34, 0, 62, 71, 166, 159.6, 447.733, 60.8, 33
419, 12065, 35, 0, 63, 90.2, 52, 31, 53, 66, 40, 60, 36, 36, 50, 56, 65, 55, 108, 226, 99.205, 32, 39, 27, 50, 97, 183
635, 24682, 36, 0, 136.601, 563.269, 170, 656.8, 144
549, 18432, 37, 162, 277.2, 148.2, 183, 336, 513.068, 127.467, 82, 153.067, 86, 115, 79, 280.4, 178.8, 123, 132.067, 158, 258.8, 180.933, 97, 65
1572, 55643, 38, 0, 143.4, 243.533, 123.6, 330.267, 60, 55, 58, 195.666, 112, 508.8
2185, 83096, 39, 0, 227.6, 287.4, 22, 158.4, 87, 167, 282.134, 201, 182.8
3345, 127892, 40, 0, 176.8, 88.8, 280.4, 355.667, 85, 128, 121, 38, 97.267
2068, 78350, 41, 99, 59, 48, 130, 193, 194.6, 134.2, 188.6, 169
473, 14987, 42, 0, 196.6, 152.2, 140.8, 193.868, 110, 64, 190.267
1240, 43946, 43, 0, 234.833, 118.8, 23, 522.2, 121.2, 80, 188, 158, 752.2
1231, 43379, 44, 0, 66, 145, 301, 160, 166, 106, 115, 152.2, 63, 708.399, 164.4, 396.666, 176, 234, 462.472, 148, 293.198
2052, 78009, 45, 0, 172.4, 143.8, 115.6, 183, 141, 130.802, 85
536, 17785, 46, 0, 28, 102, 195.6, 279.6, 162.666, 131, 122.6, 181.6, 396.4, 84, 144.2, 97, 174.8, 65, 114.8, 497.671, 275.334, 192.933, 140.8, 281.201
453, 13100, 47, 0, 94, 69, 57, 57, 47, 55, 28, 63, 138.204, 50, 100, 55, 128, 54, 33, 42, 60, 40, 147.6, 39, 71, 56
1088, 38922, 48, 0, 357.6, 88, 436.2, 239.8, 51, 387.6, 192, 83, 162.267, 93, 246.203, 127.206, 75, 97, 304.534, 171.067, 124.267, 38, 82.267, 132, 84, 112, 101.6, 143.534
466, 14088, 49, 108, 206, 65, 110, 186, 146, 137.866, 136
1088, 38921, 50, 0, 356, 88, 434.334, 235.8, 51, 390.267, 192.267, 83, 163.334, 93, 242.735, 130.14, 75, 97, 304, 170.267, 124, 38, 82, 132, 84, 112, 101.6, 143
2509, 93732, 51, 186.216, 248.4, 65, 165.866, 105, 227, 229.267, 143, 125.332, 181.333, 574.065, 208.332, 125.334, 251.668, 173
3336, 127164, 52, 76.6, 262.6, 48.6, 54, 101.8, 109.4, 99, 112, 287.999, 104.067, 165
1118, 40939, 53, 0, 39, 292.4, 301
419, 12066, 54, 0, 63, 91, 52, 31, 53, 66, 40, 60, 36, 36, 50, 56, 65, 55, 108.8, 227.2, 66.855, 32, 39, 27, 50, 97, 183
646, 25602, 55, 0, 182, 705.599, 106, 609.801, 131
1233, 43527, 56, 57, 1006.8, 160.4, 396, 176, 234, 458.87, 148.267, 462.429
2517, 94597, 57, 0, 444.337, 128.2, 227.8, 267.135, 249.4, 186.6, 141, 132.6, 236.533, 194.334, 75, 162.267, 78.267, 318.6
1062, 37619, 58, 50, 272, 285, 181
1222, 42628, 59, 0, 233.234, 118, 23, 512.6, 144.132, 80, 190.4, 158, 445.2, 65.6, 33, 112.2, 226.2, 185, 167.334, 166, 108, 230.87, 164.202
3345, 127893, 60, 0, 178.4, 88.8, 282.8, 326.332, 85, 129.067, 121, 38, 98.067
473, 14988, 61, 0, 193.4, 152.067, 140, 192.267, 110, 64, 190
2190, 83411, 62, 216.4, 197.8, 111, 172, 349.466, 170.866, 110, 216.534, 359.2, 353.8
453, 13101, 63, 0, 94, 69, 57, 57, 47, 55, 28, 63, 140.338, 50, 100, 55, 128, 54, 33, 42, 60, 40, 146.8, 39, 71, 56
1100, 39671, 64, 270.4, 184.4, 119.2, 66, 51, 94.267, 94.8, 43, 143, 192.2, 306.266, 101.6, 73, 131.799, 237.069, 104.004, 225.202, 85.134, 163.935, 261, 147, 210.867, 340.734, 127.8, 196, 51, 174
1100, 39672, 65, 252, 183.6, 117.6, 66, 51, 97.2, 94.8, 43, 143, 193.8, 311.733, 106.266, 73, 122.466, 239.204, 106.138, 224.935, 83.267, 161.267, 263.668, 147.534, 213, 339.267, 127, 196, 51, 174
1400, 47779, 66, 0, 201.6, 178, 130.267, 97, 150.8, 101, 307.4
466, 14089, 67, 108, 190.8, 65, 109.2, 198.8, 146, 136.267, 136
1240, 43947, 68, 0, 228.324, 118, 23, 515.534, 147.842, 80, 188, 158, 754.066
419, 12067, 69, 0, 61.4, 91, 52, 31, 53, 66, 40, 60, 36, 36, 50, 56, 65, 55, 108, 228.533, 89.072, 32, 39, 27, 50, 97, 183
3336, 127165, 70, 79, 257.8, 47.8, 54, 101, 107, 99, 112, 324, 105.4, 165.534
2068, 78351, 71, 99, 59, 48, 130.267, 193, 193.267, 132.6, 183, 169
3344, 127730, 72, 0, 152, 94, 150, 48, 52, 158, 176, 96, 278, 156.2, 85.534, 129.6, 121.267, 38, 101.002
2522, 94796, 73, 270, 253.4, 185.8, 141.8, 128.6, 224.4, 193, 75, 162.267, 78, 319.935
1577, 56071, 74, 0, 472.6, 113, 180.6, 82.6, 59, 88, 371, 134.8, 237.8, 134
2523, 94833, 75, 185.416, 235.6, 85.8, 162.534, 105, 227, 229.267, 143, 126, 188
1231, 43380, 76, 0, 66, 145, 301, 160, 166, 106, 115, 151.4, 63, 712.266, 165.333, 392, 176, 234, 473.667, 148.933, 294.001
1118, 40940, 77, 0, 39, 289.333, 301
549, 18433, 78, 162, 274.8, 145, 183, 337.2, 526.533, 132.267, 82, 155.468, 86, 115.534, 79, 274, 179.2, 124.068, 131.267, 160.4, 263.6, 178.533, 97, 65
1088, 38924, 79, 0, 349.6, 88, 442.6, 239, 51, 397.2, 192, 83.8, 164, 93, 243.002, 129.34, 75, 100.333, 325.6, 170.8, 124.801, 38, 82, 132, 84, 112, 102.668, 143
453, 13102, 80, 0, 94, 69, 57, 56.2, 47, 55, 28, 63, 140.338, 50, 100, 55, 128, 54, 33, 42, 60, 40, 147.6, 39, 71, 56
419, 12068, 81, 0, 59, 91, 52, 31, 53, 66, 40, 60, 36, 36, 50, 56, 65, 55, 108.933, 226.8, 109.302, 32, 39, 27, 50, 97, 183
473, 14989, 82, 0, 191, 151, 140, 192, 110, 64, 190
2052, 78010, 83, 0, 174, 153.4, 114, 183, 141, 132.937, 85
1667, 59150, 84, 183, 93, 240.467, 117.887, 75, 97, 305.202, 170.8, 124, 38, 82, 131.208, 84, 113, 241, 275.534, 322, 48
1244, 44204, 85, 381, 755, 170, 398.4, 176, 234
1062, 37620, 86, 50, 272, 285, 181
1222, 42629, 87, 0, 232.434, 118.267, 23, 503.534, 173.065, 80, 190.4, 166, 452.666, 65.6, 33, 109, 219, 188.2, 166.933, 166, 108, 230.603, 161.534
1656, 58823, 88, 0, 292.933, 286.933, 516.129, 28, 8, 182.14, 102, 96.8, 57.334, 46, 130, 78.933, 154.867, 111.534, 28, 122, 242.13, 130
635, 24683, 89, 0, 162, 588.4, 170, 657.867, 143.2
1218, 42193, 90, 0, 62, 71, 166, 158.8, 442, 60, 33
1233, 43528, 91, 57, 1009.2, 165.2, 407.333, 176, 234, 462.734, 152, 458.965
453, 13103, 92, 0, 94, 69, 57, 55.4, 47, 55, 28, 63, 137.533, 50, 100.8, 55, 128.8, 54, 33, 42, 60, 40, 147.6, 39, 71, 56
466, 14090, 93, 108, 190.8, 65, 110, 186, 147.6, 136, 136
3349, 128455, 94, 77.4, 258.6, 47, 54, 101, 107, 99, 112, 330.667, 104.333, 169.8, 26, 259.866, 44, 56, 167, 100, 119
536, 17786, 95, 0, 28, 102, 194, 278.8, 156.8, 131, 123.4, 182.4, 396.4, 84, 141, 97, 174.267, 65, 115.067, 497.672, 274, 196, 140, 279.069
1100, 39673, 96, 251.2, 179.6, 116, 66, 51, 94, 94, 43, 147, 204.6, 302.933, 98, 73, 119.933, 236.002, 104.004, 226.002, 83.8, 161, 262.068, 148.334, 209.8, 339, 127, 196, 51, 174
2509, 93733, 97, 185.4, 239.6, 75.4, 162, 105, 227, 229, 143.933, 122, 184.133, 561.535, 205, 125.068, 253.269, 173
2517, 94598, 98, 0, 441.401, 128.334, 227, 269.933, 259.8, 185, 141, 127, 222.8, 194.601, 75, 162, 79.334, 321.002
1404, 47987, 99, 0, 374.2, 169.6, 241, 154.2, 165, 232.664, 225.8
547, 18411, 100, 0, 294.2, 146.6, 183, 334.8, 518.533, 133.334, 82, 156.536, 86, 115, 79, 275.6, 179.6, 123.267, 131.933, 158.8, 277.2, 188.532, 97, 65
419, 12069, 101, 0, 58.2, 91, 52, 31, 53, 66, 40, 60, 36, 36, 50, 56, 65, 54.2, 108.267, 229.2, 84.186, 32, 39, 27, 50, 97, 183
2185, 83097, 102, 0, 218.8, 285.8, 22, 156, 87, 166.2, 281.067, 201, 183.333
1668, 59224, 103, 0, 353.6, 320, 323.467, 67, 104, 94, 43, 143.8, 198.2, 302.8, 99.733, 73, 120.066, 243.472, 96.534
3345, 127894, 104, 0, 176, 93.6, 289.2, 318.866, 85, 128, 121.8, 38, 98.067
1240, 43948, 105, 0, 229.767, 118, 23, 511, 167.867, 80, 188, 158.8, 751.8
1088, 38923, 106, 0, 356.8, 88, 437, 238.2, 51, 394.8, 193.733, 83, 170.533, 93, 244.732, 130.407, 75, 97.8, 319.333, 173.6, 125.867, 38, 82.267, 132.8, 84, 112, 101.868, 143
2068, 78352, 107, 99, 59, 48, 130, 193, 193.933, 133.4, 183.8, 169
646, 25603, 108, 0, 182, 689.334, 106, 635.001, 131.267
1231, 43381, 109, 0, 62.8, 145, 301, 160, 168.4, 108.4, 115, 149.8, 63, 698.133, 163.466, 406.266, 176, 234, 470.338, 148.933, 295.712
1118, 40941, 110, 0, 39.8, 286.8, 301
453, 13104, 111, 0, 94, 69, 57, 57, 47, 55, 28, 63, 137.835, 50, 101.333, 55, 128.8, 54, 33, 42, 60, 40, 146, 39, 71, 56
2052, 78011, 112, 0, 169.2, 151.8, 114, 183, 141, 134.804, 85
1088, 38925, 113, 0, 356.8, 88, 443.4, 236.867, 51, 403.066, 197.6, 84.066, 163.334, 93, 243.535, 130.14, 75, 99.4, 320.8, 170, 125.334, 38, 82, 132, 84, 112, 101.868, 143
24, 1388, 114, 404, 302.4, 28, 28
3336, 127166, 115, 77.4, 257, 48.6, 54, 101, 107, 99, 112, 325.6, 103.933, 165
1572, 55644, 116, 0, 66.5, 229.267, 122.534, 333.468, 60, 55, 58, 210.597, 112, 512.8
473, 14990, 117, 0, 191, 151.267, 140.267, 192, 110, 64, 190
466, 14091, 118, 108, 188.4, 65, 110, 186.8, 146, 136.8, 136
2522, 94797, 119, 267.6, 253.4, 185, 141, 128.6, 234, 195.935, 75, 162.8, 78, 319.135
1062, 37621, 120, 50, 272, 285, 181
419, 12070, 121, 0, 58.2, 91, 52, 31, 53, 66, 40, 60, 36, 36, 50, 56, 65, 55, 109.733, 229.2, 51.196, 32, 39, 27, 50, 97, 183
1100, 39674, 122, 249.6, 178, 117.6, 66, 51, 98, 96.4, 43, 148.6, 191, 302, 98, 73, 119.267, 237.87, 104.538, 226.002, 84.067, 161.267, 262.067, 147, 209.267, 339, 127, 196.267, 51, 174
1233, 43529, 123, 55.4, 1020.4, 177.2, 397.599, 176, 234, 453.268, 151.2, 456.564
1222, 42630, 124, 0, 232.433, 118, 23, 505.4, 167.067, 80, 189.6, 161.333, 442.8, 62.4, 33, 113.8, 231, 185, 170, 166.8, 108, 230.603, 161
1650, 58603, 125, 487.733, 109, 31, 118.002, 169.065, 79.6, 136.399, 26, 66.933, 101.133, 92.267, 177.934, 17.205, 18, 528.265, 278.133, 239.733
3345, 127895, 126, 0, 176.8, 88, 279.6, 347, 85, 129.6, 121.8, 38, 98.868
2190, 83412, 127, 212.934, 197.534, 111, 172, 342.933, 188.2, 110, 218.4, 347.2, 352.2
453, 13105, 128, 0, 94, 69, 57, 57, 47, 55, 28, 63, 131.104, 50, 104.8, 55, 128, 54, 33, 42, 60, 40, 146, 39, 71, 56
549, 18434, 129, 162, 274, 145.8, 201.4, 338.8, 514.134, 132, 82, 155.468, 86, 116.601, 79, 314.8, 177.733, 123.267, 138.737, 158.8, 258, 176.8, 97, 65
2523, 94834, 130, 187.016, 230.8, 65, 162, 105, 227, 229.267, 144.866, 122, 182.4
645, 25586, 131, 0, 107.6, 606.601, 131
536, 17787, 132, 0, 28, 102, 194.267, 278.267, 156.267, 135.8, 136.2, 187.2, 394, 83.2, 143.4, 97, 174.267, 65, 115.067, 498.205, 274.267, 188, 140.8, 276.134
1240, 43949, 133, 0, 231.367, 118.8, 23, 511.8, 159.866, 79.2, 188.8, 158.267, 751.667
3336, 127167, 134, 79, 257.8, 47, 54, 101, 110.2, 100.6, 112.8, 327.067, 103, 165.267
419, 12071, 135, 0, 63, 91, 52, 31, 53, 66, 40, 60, 36, 36, 50, 55.2, 65, 55, 108.534, 231.6, 44.227, 32, 39, 27, 49.2, 97, 183
3344, 127731, 136, 0, 152, 94, 150, 48, 52, 163.6, 175.2, 98.4, 278, 111.267, 84.467, 128, 121, 38, 98.334
1118, 40942, 137, 0, 39, 287.067, 301.267
473, 14991, 138, 0, 191, 152.067, 144.536, 192.267, 110, 64, 190.8
466, 14092, 139, 108, 187.6, 65, 110, 186, 148.4, 138.4, 136
2068, 78353, 140, 99, 59, 48, 130, 193, 194.733, 134.333, 183.8, 169.267
635, 24684, 141, 0, 162, 596.54, 170, 660.667, 144
1231, 43382, 142, 0, 66, 145, 301, 160, 166, 113.2, 113.4, 152.2, 63, 692.4, 162.133, 407.864, 176, 234, 454.6, 148, 292.534
2509, 93734, 143, 186.216, 231.6, 67.4, 173.2, 105, 227, 229.534, 143, 122, 180.8, 572.334, 208.333, 126.8, 254.336, 173
453, 13106, 144, 0, 94, 69, 57, 56.2, 47, 55, 28, 63, 132.357, 50, 104.933, 55, 128, 54, 33, 42, 60, 40, 146, 39, 71, 56
2517, 94599, 145, 0, 437.4, 127.267, 227.267, 275.667, 251, 195.4, 141, 127, 223.6, 193.534, 75, 163.866, 78.8, 319.668
646, 25604, 146, 0, 149, 723.667, 106, 623.666, 131.534
1062, 37622, 147, 50, 272, 285.8, 181.267
536, 17789, 148, 0, 28, 102, 194, 282.021, 163.2, 137.4, 122.198, 191.734, 394, 84, 142.6, 97, 184.408, 65, 119.133, 500.869, 278.535, 188.267, 140.534, 281.735
1218, 42194, 149, 0, 62, 71, 166, 158, 442.8, 61.6, 33
1577, 56072, 150, 0, 471.8, 113, 179, 81.266, 59, 88, 371.267, 134, 242.6, 134
547, 18412, 151, 0, 287, 145, 187.8, 346, 522.4, 132.534, 82, 154.401, 86, 116.868, 79, 275.6, 179.333, 123, 134.201, 158, 258, 178.8, 97, 65
1088, 38926, 152, 0, 357.6, 88.267, 441, 235, 51, 392.533, 199.2, 83.267, 172.266, 93, 243.002, 132.542, 75, 97.534, 305.733, 170, 124, 38, 82, 132, 84, 112, 100.267, 143.534
1222, 42631, 153, 0, 231.9, 118.8, 23, 507, 167.2, 80, 189.6, 159.6, 442.8, 61.6, 33, 109, 221.4, 185, 168.4, 171.6, 108, 225.8, 161
1244, 44205, 154, 381, 749.4, 162.8, 394.4, 176, 234
419, 12072, 155, 0, 63, 91, 52, 31, 53, 66, 40, 60, 36, 36, 50, 56, 65, 55, 108, 226, 52.081, 32, 39, 27, 50, 97, 183
1233, 43530, 156, 57, 1018.267, 174.8, 396.133, 176, 234, 456.601, 148, 454.43
536, 17788, 157, 0, 5, 102, 194.8, 288.4, 160.66, 144.4, 141.8, 185.066, 398, 84, 137, 97, 177.468, 65, 115.868, 501.941, 274.534, 188, 140, 281.462
2052, 78012, 158, 0, 174, 135.8, 114, 183, 144.2, 136.138, 85
1667, 59151, 159, 183, 93, 244.603, 124.537, 75, 97.534, 307.6, 171.733, 124.8, 38, 82, 131, 84, 113, 239, 275, 322, 48
3349, 128456, 160, 79, 257, 47.8, 54, 101, 111, 100.6, 113.6, 307.467, 103.267, 165, 26, 245.2, 44, 56, 167, 100, 119
2522, 94798, 161, 266.8, 252.6, 189, 141, 131, 230, 195.668, 75, 163.867, 79.334, 319.134
453, 13107, 162, 0, 94, 69, 57, 57, 47, 55, 28, 63, 135.865, 50, 100, 55, 128, 54, 33, 42, 60, 40, 146, 39, 71, 56
466, 14093, 163, 108, 188.4, 65, 110, 188.4, 146.8, 140.266, 136.267
473, 14992, 164, 0, 191, 152.333, 141.868, 192.8, 110, 64, 190.267
3345, 127896, 165, 0, 177.6, 88, 278, 361.933, 85.267, 128.8, 121, 38, 97.267
2185, 83098, 166, 0, 219.733, 289, 22, 160.932, 89.4, 163.8, 281.601, 201.267, 183.6
1118, 40943, 167, 0, 39, 286, 301
1400, 47780, 168, 0, 201.067, 178.267, 132.134, 97, 150, 101.8, 307.933
1088, 38927, 169, 0, 341.6, 88.534, 442.199, 235, 51, 390.134, 197.6, 83, 175.999, 93, 242.202, 130.14, 75, 97.534, 307.736, 170, 124.267, 38, 82, 132, 84, 112, 100.8, 143
419, 12073, 170, 0, 63, 91, 52, 30.2, 52.2, 66, 40, 60, 36, 36, 50, 56, 65, 55, 110.133, 226, 44.313, 32, 39, 27, 50, 97, 183
1240, 43950, 171, 0, 231.367, 118, 23, 511, 168.933, 80, 192.8, 162.747, 759.201
549, 18435, 172, 162, 275.6, 150.6, 204.6, 335.6, 512.267, 133.334, 82, 154.666, 86, 116.868, 79, 305.2, 177.2, 123.534, 140.338, 158, 254, 176.8, 97, 65
2523, 94835, 173, 187, 235.6, 71.4, 162, 105, 227.933, 229, 143, 122, 180.534
2052, 78013, 174, 0, 174, 135.8, 116.4, 183, 141.8, 131.066, 85.267
1231, 43383, 175, 0, 66, 145, 302.6, 160, 166, 110.8, 115, 145, 63, 692.935, 169.077, 403.047, 176, 234, 457.673, 148, 299.737
1668, 59225, 176, 0, 373.734, 323.2, 324.533, 67, 104.267, 94, 43, 143, 191, 302.8, 98.534, 71.4, 120.067, 240.805, 97.067
1062, 37623, 177, 50, 272, 285, 181
645, 25587, 178, 0, 106, 620.333, 131.8
1100, 39676, 179, 260.8, 182, 116.8, 66, 51, 94.8, 94.534, 43, 143.8, 210.287, 302, 98, 73, 123.666, 237.603, 102.67, 226.802, 84.333, 161.8, 262.467, 147.534, 209.267, 339.933, 127, 196, 51, 174
3336, 127168, 180, 79, 257, 47, 54, 102.6, 116.6, 100.6, 112.8, 290.934, 104.868, 165.267
1100, 39675, 181, 248, 179.6, 116.8, 66, 51, 97.2, 98.354, 43, 149.4, 191, 302, 98, 73, 120.067, 235.201, 104.804, 227.067, 84.068, 161.534, 263.134, 147.267, 209, 339.534, 127, 196, 51, 174
2068, 78354, 182, 99, 59, 48, 130, 199.4, 196.466, 132.6, 182.2, 172.735
453, 13108, 183, 0, 94, 69, 57, 57, 47, 55, 28, 63, 132.807, 50, 100.267, 55, 128, 54, 33, 42, 60, 40, 146, 39, 71, 56
419, 12074, 184, 0, 61.4, 91, 52, 31, 53, 64.4, 40, 60, 36, 35.2, 50, 56, 65, 55, 108, 226, 60.251, 32, 39, 27, 50, 97, 183
1233, 43531, 185, 56.2, 1028, 164.665, 417.866, 176, 234, 434.337, 148, 448.162
2517, 94600, 186, 0, 435.8, 127, 228.6, 269.533, 250.333, 189, 145.8, 135, 222.933, 195.801, 74.2, 162.267, 79.067, 320.202
2509, 93735, 187, 187, 235.6, 67.4, 162, 105, 227, 229, 143, 122, 185.066, 581.533, 212.601, 124.267, 253.002, 173
473, 14993, 188, 0, 191, 151.267, 144.802, 192, 110, 64, 192.935
466, 14094, 189, 108, 196.4, 65, 110, 190, 145.2, 144, 137.067
1222, 42632, 190, 0, 228.834, 123.6, 23, 508.733, 159.466, 80, 188.8, 158.8, 445.202, 60, 33, 109, 219, 185.8, 169.2, 164.4, 108, 226.601, 161.801
1572, 55645, 191, 0, 141, 232.333, 122, 330.8, 60, 54.2, 58, 209.667, 112, 508
2190, 83413, 192, 214.8, 198.6, 111, 172, 350.8, 175.4, 110, 216.953, 346.401, 362.6
3345, 127897, 193, 0, 176, 92, 287.6, 320.465, 85, 128.267, 121, 38, 97.267
635, 24685, 194, 0, 162, 602.143, 170, 656, 144
646, 25605, 195, 0, 149, 740.073, 106, 607.134, 131
28, 1532, 196, 0, 32.5, 40, 352.6
453, 13109, 197, 0, 94, 69, 57, 57, 47, 55, 28, 63, 137.03, 50, 100, 55, 128, 54, 33, 42, 60, 40, 146, 39, 71, 56
1118, 40944, 198, 0, 40.011, 286.8, 301
1088, 38928, 199, 0, 353.6, 88.267, 444.6, 235.267, 51, 391.466, 194.4, 86.2, 227.733, 93, 243.269, 132.008, 75, 97.534, 305.867, 171.867, 124, 38, 82, 132, 84, 112, 100, 143
1404, 47988, 200, 0, 376.067, 173.6, 238.866, 155, 162.6, 227.734, 225.8
1240, 43951, 201, 0, 233.5, 118, 23, 511.534, 166.266, 80, 188, 159.734, 758.6
3336, 127169, 202, 78.2, 257, 47, 53.2, 101.8, 115.8, 100.733, 112.8, 288.802, 103, 165
419, 12075, 203, 0, 62.2, 91, 52, 31, 53, 66, 40, 60, 36, 36, 50, 56, 65, 55, 110.266, 226, 43.14, 32, 39, 27, 50, 97, 183
536, 17791, 204, 0, 28, 102, 194.534, 280.818, 162.4, 131.8, 122.6, 187.201, 397.207, 84, 138.6, 97, 184.067, 65, 115.067, 495.806, 276.135, 188, 140.267, 280.862
549, 18436, 205, 164.4, 280.4, 153, 199.933, 339.733, 518.132, 132.8, 82, 157.069, 86, 116.733, 78.2, 278.933, 177.601, 123.8, 131, 158, 254.8, 176.8, 97, 65
536, 17790, 206, 0, 5, 102, 194, 294.8, 169.461, 134.199, 126.598, 180, 421.2, 84, 137, 97, 178.666, 65, 114, 499.954, 276.401, 188, 140.534, 279.6
3344, 127732, 207, 0, 152, 94, 150, 48, 52, 158, 178.4, 92.666, 279.6, 103.67, 85.534, 128.534, 122.6, 38, 99.935
473, 14994, 208, 0, 191, 151.267, 140.8, 192, 110, 64, 190
1062, 37624, 209, 50, 272, 285, 181.267
1231, 43384, 210, 0, 66, 145, 303.4, 160, 167.6, 110, 115, 146.334, 63, 700.398, 161.333, 409.731, 176, 234, 445.14, 148, 286.801
453, 13110, 211, 0, 94, 69, 57, 57, 47, 55, 28, 63, 125.373, 50, 100, 55, 128, 54, 33, 42, 60, 40, 146, 39, 71, 56
1100, 39677, 212, 256, 182, 116.8, 66, 51, 98.533, 94, 43, 143, 191, 302, 98, 73, 131.264, 235.735, 102.136, 227.603, 84.601, 161.8, 262.067, 147, 209, 339.534, 127, 196, 51, 174
466, 14095, 213, 108, 204.4, 65, 110, 192.4, 146, 141.333, 137.067
1244, 44206, 214, 381.8, 756.067, 158, 396.4, 175.2, 234
663, 26185, 215, 0, 152.267, 613.473, 170
1218, 42195, 216, 0, 62, 71, 167.6, 159.6, 442.8, 60, 33
2522, 94799, 217, 282.8, 255.8, 185, 141, 127, 222, 193.267, 75, 165.466, 79.868, 319.668
2068, 78355, 218, 99, 59, 48, 130, 193, 195.4, 131.8, 183.8, 169.267
645, 25588, 219, 0, 106, 625, 131.534
1222, 42633, 220, 0, 232.033, 128.4, 23, 516.601, 118.8, 80, 188, 160, 445.067, 61.6, 33, 109, 219, 185, 166.267, 166, 108, 225.8, 164.469
419, 12076, 221, 0, 62.2, 91, 52, 31, 53, 66, 40, 59.2, 36, 36, 50, 56, 65, 55, 108, 226, 58.94, 32, 39, 27, 50, 97, 183
2523, 94836, 222, 189.216, 238, 68.2, 174, 105, 227, 229.8, 143, 122.267, 181.866
1233, 43532, 223, 54.6, 1021.2, 162.266, 409.2, 176, 234, 453.935, 148, 445.904
3349, 128457, 224, 79, 257, 46.2, 54, 101, 107, 100.6, 112, 328.267, 103, 165.8, 26, 243.6, 42.4, 56, 167, 100, 119
2052, 78014, 225, 0, 173.2, 139, 118.8, 183.267, 141, 130.802, 85
1118, 40945, 226, 0, 39, 288.4, 301
473, 14995, 227, 0, 191, 151, 140, 192, 110, 64, 192.668
453, 13111, 228, 0, 94, 69, 57, 57, 47, 55, 28, 63, 125.093, 50, 100, 55, 128, 54, 33, 42, 60, 40, 147.6, 39, 71, 56
1577, 56073, 229, 0, 484.599, 113, 191.133, 41.936, 59, 88, 375.002, 134, 237.8, 136.4
547, 18413, 230, 0, 295, 144.2, 195.8, 338.4, 513.868, 133.601, 82, 156.536, 86, 116.066, 79, 302.933, 179.866, 124.868, 136.87, 158, 255.867, 185.6, 97, 65
1088, 38929, 231, 0, 355.2, 88.267, 435.134, 235.8, 51, 405.466, 194.133, 83, 225.999, 93, 245.403, 128.273, 75, 97, 304.267, 174, 125.067, 38, 82, 132, 84, 112, 100, 143
536, 17792, 232, 0, 28, 102, 193.2, 281.2, 156, 131.267, 121, 182.4, 414.8, 84, 137, 97, 185.198, 65, 113.2, 494.47, 277.735, 188, 140, 279.601
2517, 94601, 233, 0, 450.204, 127.8, 230.2, 269.001, 254.2, 187.4, 141, 127, 225.199, 195.667, 75, 166.933, 78.534, 317.534
3345, 127898, 234, 0, 176, 88.8, 294.8, 326.599, 85, 128.8, 121, 38, 98.067
1667, 59152, 235, 183, 93, 239.534, 119.735, 75, 97.534, 307.466, 170.534, 124, 38, 82.534, 131, 84, 113, 243.8, 278.2, 322, 48
466, 14096, 236, 108, 198.8, 65, 110, 186.8, 146.267, 140.533, 136
2185, 83099, 237, 0, 218, 285, 22, 153.6, 87, 163.534, 280.8, 201, 182.8
1062, 37625, 238, 50, 272, 286.6, 181.267
1240, 43952, 239, 0, 230.434, 126.8, 23, 526.333, 120.667, 80, 188, 159.867, 761.933
419, 12077, 240, 0, 56.6, 91, 52, 31, 53, 66, 40, 60, 36, 36, 50, 56, 65, 55, 108.534, 226, 54.884, 32, 39, 27, 50, 97, 182.2
1100, 39678, 241, 252, 180.4, 116, 66, 51, 94.8, 94, 43, 143, 195, 325.466, 98.933, 73, 129.265, 240.004, 109.874, 224.401, 91.267, 175, 285.534, 161, 209.8, 339.267, 127, 196, 51, 174
646, 25606, 242, 0, 123.933, 740.741, 106.8, 607.4, 131.267
635, 24686, 243, 0, 162.267, 601.075, 170, 667.333, 144
2509, 93736, 244, 183.8, 234.8, 65, 162.8, 105, 227, 229, 143, 123.6, 182.666, 555.532, 208.2, 124, 252.202, 173
1231, 43385, 245, 0, 66, 145, 305.8, 160, 166, 106, 115, 145, 63, 713.676, 164.271, 393.045, 176, 234, 469.874, 148, 289.202
1668, 59226, 246, 0, 375.333, 323.2, 325.867, 67, 104.8, 94.933, 43, 143.8, 191, 301.2, 98, 73, 121.933, 239.737, 107.472
549, 18437, 247, 162, 281.2, 146.6, 187.8, 339.866, 526.399, 134.668, 82, 153.868, 86, 116.733, 79, 278.4, 177.733, 124.2, 131.8, 159.6, 254.8, 179.2, 97, 65
453, 13112, 248, 0, 94, 69, 57, 56.2, 47, 55, 28, 63, 129.681, 50, 100, 55, 129.733, 54, 33, 42, 60, 40, 147.6, 39, 70.2, 56
3336, 127170, 249, 79, 257.8, 48.409, 54, 101, 107, 99, 112.8, 301.125, 103, 166.334
1233, 43533, 250, 57, 1013.2, 166.8, 411.6, 176, 234, 447.801, 148, 451.371
2068, 78356, 251, 99, 59, 50.4, 130, 193, 194.733, 131, 183.534, 169.267
1222, 42634, 252, 0, 234.7, 119.6, 23, 515.8, 152.267, 80, 188.8, 159.2, 449.2, 64.8, 33, 109, 219, 185, 166.267, 166, 108, 227.401, 164.201
419, 12078, 253, 0, 63, 91, 52, 31, 53, 66, 40, 59.2, 36, 36, 50, 56, 65, 55, 108, 226, 57.88, 32, 39, 27, 50, 97, 183
536, 17793, 254, 0, 28, 102, 194.267, 282.8, 156, 131, 126.733, 195.2, 422.8, 84, 137, 97, 180.532, 65, 116.935, 496.604, 278.269, 188.8, 140.267, 280.801
473, 14996, 255, 0, 191, 153.401, 140.8, 192, 110, 64, 190
1118, 40946, 256, 0, 39, 286, 301
3345, 127899, 257, 0, 176, 95.2, 282, 300.998, 85, 129.868, 121, 38, 99.668
466, 14097, 258, 108, 186.8, 65, 110, 186, 146, 137.601, 136.267
2190, 83414, 259, 215.6, 200.2, 111, 172, 362.8, 174.6, 110.8, 217.6, 354.798, 357.266
2052, 78015, 260, 0, 174, 136.6, 114.8, 183.534, 141, 129.468, 85
453, 13113, 261, 0, 94, 69, 57, 57, 47, 55, 28, 63, 132.476, 50, 100, 55, 129.733, 54, 33, 42, 60, 40, 146.8, 39, 71, 56
663, 26186, 262, 0, 130.704, 608.407, 170
2522, 94800, 263, 271.6, 248.6, 196.2, 141, 127, 222, 194.2, 75, 164.933, 78.8, 319.935
1062, 37626, 264, 50, 272, 285, 181
645, 25589, 265, 0, 106, 618.866, 131
1240, 43953, 266, 0, 231.234, 119.6, 23, 514.333, 155.733, 80, 189.6, 160.4, 754.2
2523, 94837, 267, 184.6, 232.4, 65.8, 167.6, 105, 227, 231.8, 143, 122, 183.2
1572, 55646, 268, 0, 141, 230.601, 122, 330, 60, 55, 58, 209.798, 112, 520.666
3336, 127171, 269, 79, 257, 47.8, 54, 101, 107, 99, 112.267, 309.201, 103, 168.599
1656, 58824, 270, 0, 302.133, 281.333, 523.596, 28, 8, 170.674, 102, 96, 56, 46, 131.866, 78, 155.934, 111.534, 28, 122, 247.205, 130
3344, 127733, 271, 0, 152, 94, 150, 48, 52, 159.6, 177.467, 90.4, 297.2, 108.599, 85, 128.267, 121, 38, 100.202
549, 18438, 272, 162.8, 278.8, 147.4, 186.2, 347.999, 543.333, 116.267, 82, 154.935, 85.2, 115.8, 79, 274, 177.466, 123.8, 134.599, 160.4, 256.533, 179.2, 97, 65
1244, 44207, 273, 381, 753.017, 163.798, 423.2, 176, 234
419, 12079, 274, 0, 63, 91, 52, 31, 53, 65.2, 40, 60, 36, 35.2, 50, 56, 64.2, 55, 108, 226, 55.569, 32, 39, 27, 50, 97, 183
1400, 47781, 275, 0, 200.801, 185.737, 130, 97, 150, 101, 305.267
1218, 42196, 276, 0, 41.6, 71, 166, 163.467, 447.335, 60, 33
1231, 43386, 277, 0, 58, 145.8, 313, 160, 166, 106, 118.2, 153, 63, 687.732, 158.8, 402.265, 176, 234, 459.673, 152.666, 286.937
473, 14997, 278, 0, 191, 153.134, 141.067, 192, 110, 64, 190.8
453, 13114, 279, 0, 94, 69, 57, 57, 47, 55, 28, 63, 133.341, 50, 100.8, 53.4, 128, 54, 33, 42, 60, 40, 147.6, 39, 71, 56
2517, 94602, 280, 0, 437.934, 127, 228.067, 286.6, 260.6, 185, 141, 127, 222.267, 194.601, 75, 164.402, 79.334, 318.6
466, 14098, 281, 108, 187.6, 65, 110, 186, 146, 136, 137.067
419, 12080, 282, 0, 63, 91, 50.4, 31, 53, 66, 40, 59.2, 36, 36, 50, 56, 65, 55, 108, 226, 48.85, 32, 39, 27, 50, 97, 183
1222, 42635, 283, 0, 232.324, 118, 23, 508.6, 164.643, 80, 193.6, 162, 445.333, 61.6, 33, 110.866, 219, 185, 166.267, 166, 108, 225.534, 162.335
646, 25607, 284, 0, 149, 734.072, 106, 654.466, 131.534
1233, 43534, 285, 57, 1030.8, 166.8, 393.866, 176, 234, 478.333, 148, 444.97
1118, 40947, 286, 0, 40.011, 286.267, 301
635, 24687, 287, 0, 145.551, 594.405, 170, 659.334, 144
2068, 78357, 288, 99, 59, 48.8, 130, 193, 193.267, 131, 184.2, 169
24, 1389, 289, 405.334, 300, 28, 28
3349, 128458, 290, 79, 257, 47, 54, 101, 107, 99, 112.8, 324.8, 103.8, 165.801, 26, 250.8, 44, 56, 167, 100, 119
2509, 93737, 291, 190.016, 232.4, 65, 163.6, 103.4, 227, 227.8, 144.6, 128.8, 184.133, 547.799, 208.735, 126.8, 251.668, 173
536, 17794, 292, 0, 28, 102, 195.334, 279.867, 177.6, 152.6, 123.8, 180, 414, 84, 137, 97, 176.8, 65, 114.8, 505.143, 275.601, 188, 140.267, 280.4
453, 13115, 293, 0, 94, 69, 57, 57, 47, 55, 28, 63, 138.867, 50, 100.8, 54.2, 130.4, 54, 33, 42, 60, 40, 146.8, 39, 71, 56
1062, 37627, 294, 50, 272, 285, 181
549, 18439, 295, 160.4, 274, 145, 195, 369.333, 519.333, 132.534, 82, 154.668, 86, 115.267, 79, 282.133, 188.799, 124.067, 137.132, 158, 254, 176.8, 97, 65
2052, 78016, 296, 0, 174, 138.2, 115.6, 183.267, 141, 127.334, 85
3345, 127900, 297, 0, 178.4, 96, 284.4, 314.5, 85.8, 128.534, 121, 38, 99.134
2185, 83100, 298, 0, 218.534, 285, 22, 152.8, 87.8, 167.933, 281.334, 201.801, 182.8
1404, 47989, 299, 0, 373.4, 168.8, 242.6, 155, 165, 230, 226.6
419, 12081, 300, 0, 59, 91, 52, 31, 53, 66, 40, 60, 36, 35.2, 50, 54.4, 64.2, 55, 108, 226, 49.348, 32, 39, 27, 50, 97, 183
1240, 43954, 301, 0, 229.901, 118, 23, 511.8, 157.065, 80, 188.8, 158, 750.868
1668, 59227, 302, 0, 368.536, 324.8, 335.2, 67, 104, 95.601, 43, 146.2, 191.8, 307.733, 98.933, 73, 119.534, 239.203, 105.605
1231, 43387, 303, 0, 66, 147.4, 301.8, 160, 167.6, 110, 117.533, 153.8, 63, 684, 158, 412.535, 176, 234, 446.2, 149.866, 288.271
473, 14998, 304, 0, 191, 151.534, 141.601, 192, 110, 64, 190
1577, 56074, 305, 0, 480.866, 113, 181.932, 62.336, 59, 88, 372.067, 134, 241.267, 136.4
663, 26187, 306, 0, 137.357, 607.607, 170
1650, 58604, 307, 520.933, 109, 31, 117.599, 156.266, 82.8, 137.599, 26, 73.466, 100.601, 93.867, 186.599, 5, 18, 546.929, 282, 248.266
466, 14099, 308, 108, 186.8, 65, 108.4, 186, 146, 148.266, 137.466
1667, 59153, 309, 183, 93, 241.8, 124.538, 75, 98.066, 308.266, 173.2, 124.801, 38, 82.534, 131, 84, 113, 244.6, 276.6, 323.868, 48
645, 25590, 310, 0, 107.6, 605.534, 131.267
453, 13116, 311, 0, 94, 69, 57, 57, 47, 55, 28, 63, 125.534, 50, 104.266, 55, 129.2, 54, 32.2, 42, 60, 40, 146.267, 39, 71, 56
2522, 94801, 312, 277.2, 247.8, 191.4, 145.8, 127, 227.732, 194.067, 75, 167.6, 79.601, 320.735
3336, 127172, 313, 79, 257, 47, 54, 101, 107, 101.4, 120, 310.8, 103, 165.801
2523, 94838, 314, 187.016, 230.267, 65, 180.8, 105, 227, 233, 143, 122, 185.6
1233, 43535, 315, 57, 1025.2, 170.8, 393.866, 176, 234, 458.868, 148, 449.099
1118, 40948, 316, 0, 39, 286.267, 301
419, 12082, 317, 0, 63, 91, 52, 31, 53, 66, 40, 59.2, 36, 36, 50, 56, 65, 55, 108, 226, 31.431, 32, 39, 27, 50, 97, 183
1222, 42636, 318, 0, 229.767, 118, 23, 508.6, 164.933, 80, 201.6, 161.467, 447.066, 62.4, 33, 109, 219, 185, 166.267, 166, 108, 226.067, 161.267
3345, 127901, 319, 0, 178.4, 92, 278, 326.6, 86.067, 128.267, 122.067, 38, 99.668
2068, 78358, 320, 99.8, 59, 48, 132.4, 197, 195.533, 135.8, 183.8, 169
2190, 83415, 321, 214, 199.668, 111, 172, 362.8, 181, 111.6, 218.4, 345.599, 353
1062, 37628, 322, 50, 272, 285, 181
635, 24688, 323, 0, 162.534, 599.47, 170, 661.867, 144
646, 25608, 324, 0, 149, 731.67, 106, 635.268, 131
466, 14100, 325, 108, 186.8, 65, 110, 189.2, 145.2, 154.4, 137.066
473, 14999, 326, 0, 191, 151.8, 141.067, 192, 110, 64, 190
1240, 43955, 327, 0, 229.901, 118.267, 23, 514.2, 156.532, 80, 188, 158.8, 753.667
453, 13117, 328, 0, 94, 69, 57, 57, 47, 55, 28, 63, 131.588, 50, 102.4, 55, 129.6, 54, 33, 42, 60, 40, 146, 39, 71, 56
2052, 78017, 329, 0, 174, 135, 114, 183.933, 141, 126.267, 85
3336, 127173, 330, 79, 257, 48.6, 54, 102.6, 108.6, 99, 112, 274.268, 103, 165.534
1218, 42197, 331, 0, 62, 71, 166, 158, 443.6, 60, 33
2517, 94603, 332, 0, 441.4, 127.267, 227, 275.399, 274.333, 186.866, 141, 127, 222, 195.935, 75, 166.802, 78.267, 318.334
2509, 93738, 333, 187, 238, 78.6, 162, 105, 227, 229, 143, 122, 182.4, 574.065, 213.004, 128.8, 251.668, 173
3344, 127734, 334, 0, 152, 94, 150, 48, 52, 158, 189.065, 88, 278, 97.403, 85.933, 129.067, 121.267, 38, 101.269
1244, 44208, 335, 381, 763.933, 166, 402.594, 176, 234
419, 12083, 336, 0, 63, 91, 52, 31, 53, 66, 40, 60, 36, 36, 50, 56, 65, 55, 108, 226.933, 49.175, 32, 39, 27, 50, 97, 183
647, 25757, 337, 341.2, 106.933, 637.001, 131
1572, 55647, 338, 0, 141, 232.735, 131.6, 331.334, 60, 55, 58, 190.065, 112, 510.4
1118, 40949, 339, 0, 39, 286, 301
453, 13118, 340, 0, 94, 69, 57, 57, 47, 55, 28, 63, 122.397, 50, 101.066, 55, 128.534, 54, 33, 42, 60, 40, 146.267, 39, 71, 56
1222, 42637, 341, 0, 227.501, 118, 23, 523.133, 133.6, 80, 191.2, 158, 442.267, 63.2, 33, 120.333, 219, 185, 167.868, 166, 108, 225.267, 161.534
1233, 43536, 342, 57, 1054.803, 164.4, 396.666, 176, 234, 450.064, 151.732, 442.303
663, 26188, 343, 0, 144.51, 608.674, 170
466, 14101, 344, 108.095, 186.8, 65, 110, 208.4, 146, 146.399, 136.8
473, 15000, 345, 0, 192.6, 151.534, 142.134, 192, 110, 64, 190
419, 12084, 346, 0, 62.2, 91, 52, 31, 53, 66, 40, 60, 36, 36, 50, 56, 65, 55, 108, 226.933, 47.743, 32, 39, 27, 50, 97, 183
1062, 37629, 347, 50, 272, 285.8, 181
645, 25591, 348, 0, 106, 635.666, 133.401
3349, 128459, 349, 79, 257, 49.4, 54, 100.467, 108.6, 99, 112, 281.601, 109.4, 165.8, 26, 242.8, 44, 56, 167, 100, 119
2522, 94802, 350, 270, 275.8, 186.866, 141.933, 127, 224.8, 195.401, 75, 164.402, 78.534, 317.267
2068, 78359, 351, 99, 60.6, 51.2, 130.8, 209, 193.933, 131, 188.069, 169
2523, 94839, 352, 187, 259.6, 67.4, 162, 105, 227.933, 228.2, 143, 122, 180.8
3345, 127902, 353, 0, 176, 88.8, 282.8, 334.5, 85.933, 128, 121, 38, 98.334
2185, 83101, 354, 0, 222, 289, 22, 163.2, 90.2, 169.533, 282.667, 202.868, 182.267
453, 13119, 355, 0, 94, 69, 57, 57, 47, 55, 27.2, 63, 109.436, 50, 100, 55, 128, 54, 33, 42, 60, 40, 146, 39, 71, 56
1240, 43956, 356, 0, 226.301, 118, 23, 512.067, 160.265, 80, 198.4, 158.534, 753.003
2052, 78018, 357, 0, 174.8, 141.4, 124.4, 184.733, 141, 135.872, 85
1668, 59228, 358, 0, 365.466, 322.4, 327.067, 67, 104, 94, 43, 143.267, 198.333, 306.8, 98, 73, 124.87, 238.404, 107.739
28, 1533, 359, 0, 19.166, 40, 359.934
419, 12085, 360, 0, 56.6, 90.2, 52, 31, 53, 66, 40, 60, 36, 36, 50, 56, 65, 55, 109.866, 227.866, 36.305, 32, 39, 27, 50, 97, 183
473, 15001, 361, 0, 192.6, 152.733, 140.8, 192.534, 110, 64, 190
1400, 47782, 362, 0, 200.267, 186.804, 131.601, 101.133, 155.6, 103.8, 306.068
646, 25609, 363, 0, 149, 732.599, 106, 627.537, 133.401
635, 24689, 364, 0, 162, 599.338, 170, 658.934, 144
1118, 40950, 365, 0, 40.011, 292.4, 301
466, 14102, 366, 108, 199.6, 65, 110, 186, 146, 139.066, 136.8
3336, 127174, 367, 78.2, 258.6, 54.2, 54, 101, 107, 99, 112, 280.268, 103.8, 165
1233, 43537, 368, 53.8, 1043.336, 179.733, 395.2, 176, 234, 439.933, 151.733, 452.832
1667, 59154, 369, 183, 93, 240.868, 125.605, 75, 97.8, 314.417, 170, 125.2, 38, 82.8, 131.267, 84, 113, 242.2, 276.067, 323.868, 48
1577, 56075, 370, 0, 491.266, 113, 181.8, 29.001, 59, 88, 372.334, 134, 239.401, 134
453, 13120, 371, 0, 94, 69, 57, 57, 47, 55, 28, 63, 110.237, 50, 100, 55, 128, 54, 33, 42, 60, 40, 146, 39, 71, 56
2517, 94604, 372, 0, 439.801, 127, 227.267, 268.468, 275.266, 185.933, 141, 127, 222, 195.134, 75, 163.868, 79.067, 318.868
419, 12086, 373, 0, 63, 91, 52, 31, 53, 66, 40, 60, 36, 36, 50, 56, 65, 55, 111.491, 226.933, 32.532, 32, 39, 27, 50, 97, 183
1062, 37630, 374, 50, 272, 285, 181
2509, 93739, 375, 186.216, 262.8, 65, 162, 105, 227.933, 230.868, 143, 122.267, 180.8, 569.798, 209.669, 127.067, 252.202, 173
3345, 127903, 376, 0, 182.4, 96, 290.8, 306.067, 85, 128.267, 121, 38, 97.534
647, 25758, 377, 345.2, 102.133, 627.535, 131.267
2190, 83416, 378, 225.2, 202.867, 111, 172, 358, 176.2, 110, 218.018, 355.076, 350.334
663, 26189, 379, 0, 152.267, 609.337, 170
2068, 78360, 380, 99.8, 63, 48.8, 132.4, 197, 194.6, 131, 192.338, 169.267
453, 13121, 381, 0, 94, 69, 57, 57, 47, 55, 28, 63, 123.65, 50, 100.8, 55, 128, 54, 33, 42, 60, 40, 146.8, 39, 71, 56
1240, 43957, 382, 0, 228.834, 118, 23, 512.733, 167.333, 80, 188.8, 158.267, 749
473, 15002, 383, 0, 193.4, 151.933, 142.401, 192.534, 110, 64, 190.267
1244, 44209, 384, 389, 770.601, 161.2, 399.199, 176, 234
3336, 127175, 385, 79, 257.8, 51, 54, 105, 107, 99, 112.8, 259.07, 104.067, 165.267
1218, 42198, 386, 0, 62, 71, 170, 163.6, 444.667, 60.8, 33
1404, 47990, 387, 0, 376.6, 173.6, 242.6, 159, 162.6, 230.932, 225
466, 14103, 388, 101.6, 186, 65, 110, 196.4, 146, 136.8, 136
419, 12087, 389, 0, 57.4, 91, 52, 31, 53, 66, 40, 59.2, 36, 36, 50, 56, 65, 55, 108, 229.733, 41.326, 32, 39, 27, 50, 97, 183
3344, 127735, 390, 0, 152, 94, 153.2, 48, 52, 166, 181.87, 96.8, 278.933, 101.131, 85.534, 128.534, 121.8, 38, 98.067
2052, 78019, 391, 0, 174.8, 159, 114, 184.6, 141, 131.87, 85.267
1118, 40951, 392, 0, 39.8, 294.933, 301.8
2522, 94803, 393, 286, 251.8, 185, 141, 127, 222, 195.135, 75, 164.668, 79.334, 319.668
453, 13122, 394, 0, 94, 69, 57, 57, 47, 55, 28, 63, 126.815, 50, 100, 55, 128, 54, 33, 42, 60, 40, 146, 39, 71, 56
2523, 94840, 395, 179.816, 240.4, 72.2, 162, 105, 231.666, 229, 143, 122.534, 180
1062, 37631, 396, 50, 272, 285, 181
635, 24690, 397, 0, 162, 595.203, 170, 664.134, 144
646, 25610, 398, 0, 55.885, 735.393, 107.6, 613, 131.933
419, 12088, 399, 0, 55, 91, 52, 31, 53, 66, 40, 60, 36, 36, 50, 56, 65, 55, 108, 230.666, 35.485, 32, 39, 27, 50, 97, 183
3349, 128460, 400, 78.2, 259.4, 47, 54, 102.6, 107, 103.666, 123.333, 255.866, 105.133, 165.267, 26, 251.6, 44, 56, 167, 100, 119
473, 15003, 401, 0, 191, 152.334, 140.534, 192, 110, 64, 193.202
1572, 55648, 402, 0, 145.8, 234.998, 122.267, 332.401, 60, 55, 58, 191.797, 112, 511.333
466, 14104, 403, 108, 186, 65, 110, 201.2, 147.6, 138.401, 136
2068, 78361, 404, 99, 59, 49.6, 130, 193, 193.933, 137.666, 190.204, 169.534
647, 25759, 405, 342.8, 106, 617.667, 131.534
3345, 127904, 406, 0, 194.278, 88, 279.866, 283.786, 86.334, 129.601, 121.267, 38, 99.134
453, 13123, 407, 0, 94, 69, 57, 57, 47, 55, 28, 63, 128.229, 50, 100, 55, 128, 54, 33, 42, 60, 40, 146, 39, 71, 56
2185, 83102, 408, 0, 224.4, 292.2, 22, 153.6, 94.2, 163.8, 282.935, 202.601, 184.401
1240, 43958, 409, 0, 228.433, 120.4, 23, 513.267, 161.866, 80, 188, 158, 752.066
1118, 40952, 410, 0, 37.4, 287.067, 301.267
419, 12089, 411, 0, 62.2, 91, 52, 30.2, 53, 66, 40, 60, 36, 36, 50, 56, 65, 55, 110.8, 226.933, 24.315, 32, 39, 27, 50, 97, 183
2052, 78020, 412, 0, 175.6, 152.6, 114, 183.933, 141, 131.336, 85.267
1062, 37632, 413, 50, 272, 285, 181
663, 26190, 414, 0, 108.519, 609.206, 170
3336, 127176, 415, 79, 258.6, 47.8, 54, 101, 114.2, 99, 112.267, 271.467, 103, 165
473, 15004, 416, 0, 191, 151.8, 141.601, 192.8, 110, 64, 190.267
466, 14105, 417, 108, 186, 65, 110, 188.666, 147.6, 137.601, 137.601
453, 13124, 418, 0, 94, 69, 57, 57, 47, 55, 28, 63, 124.947, 50, 100.8, 55, 128, 54, 33, 42, 60, 40, 146, 39, 71, 56
2190, 83417, 419, 214.8, 197, 111, 172, 342.8, 177, 110, 216.8, 342.533, 349.8
3345, 127905, 420, 0, 184.001, 88, 281.732, 281.267, 86.334, 131.202, 121.267, 38, 98.868
2522, 94804, 421, 268.4, 271, 185, 141, 127, 222, 196.469, 75, 164.799, 78.8, 320.735
1244, 44210, 422, 380.2, 758.068, 159.6, 392, 176, 234
419, 12090, 423, 0, 62.2, 91, 52, 30.2, 53, 66, 40, 60, 36, 36, 50, 56, 65, 55, 108.933, 226.933, 39.991, 32, 39, 27, 50, 97, 183
1218, 42199, 424, 0, 62, 71, 167.6, 157.2, 442, 60, 33
1577, 56076, 425, 0, 462.2, 113, 185.532, 26.74, 59, 88, 375.002, 134.534, 239.135, 134.267
2523, 94841, 426, 179.016, 233.2, 88.2, 162, 105, 227.933, 232.333, 143, 122, 180
1240, 43959, 427, 0, 233.924, 122, 23, 511.267, 158.775, 80, 190.4, 158, 751.668
2068, 78362, 428, 99.8, 59.8, 48.8, 130, 193.8, 193.933, 131, 195.54, 169
3336, 127177, 429, 78.2, 258.6, 47.8, 54, 101, 111, 111, 112, 284, 103, 165.267
646, 25611, 430, 0, 147.82, 732.472, 106.267, 659.267, 132.2
1118, 40953, 431, 0, 39.8, 293.999, 301
3344, 127736, 432, 0, 152, 94, 155.6, 48, 52, 163.6, 180.532, 98.4, 278, 102.338, 86.601, 128.534, 121.267, 38, 97.267
24, 1390, 433, 407.2, 317.599, 28, 28
453, 13125, 434, 0, 94, 69, 57, 57, 47, 55, 28, 63, 135.197, 50, 100, 55, 129.334, 54, 33, 42, 60, 40, 146, 39, 71, 56
635, 24691, 435, 0, 102.483, 600.804, 170, 681.733, 144
473, 15005, 436, 0, 191, 151.534, 140.8, 194.401, 110, 64, 190.267
466, 14106, 437, 107.2, 199.6, 65, 110, 189.6, 146.8, 138.134, 137.334
1062, 37633, 438, 50, 272, 285, 181
419, 12091, 439, 0, 63, 91, 52, 31, 53, 66, 40, 60, 36, 36, 50, 56, 65, 55, 108.933, 226, 41.689, 32, 39, 27, 50, 97, 183
1400, 47783, 440, 0, 201.334, 182.802, 131.067, 98.734, 150.267, 101, 305.933
647, 25760, 441, 342, 106.267, 616.6, 131
2052, 78021, 442, 0, 174.8, 136.6, 118, 185.401, 141, 135.605, 85
663, 26191, 443, 0, 121.017, 608, 170
453, 13126, 444, 0, 94, 69, 57, 57, 47, 55, 28, 63, 134.051, 50, 102.533, 55, 128.534, 54, 33, 42, 60, 40, 146, 39, 71, 56
419, 12092, 445, 0, 62.2, 91, 52, 31, 53, 66, 39.2, 60, 36, 36, 50, 56, 65, 55, 108, 226, 53.553, 32, 39, 27, 50, 97, 183
3349, 128461, 446, 78.2, 258.6, 50.009, 54, 101, 107, 112.066, 112.933, 281.128, 104.6, 165, 26, 246, 44, 56, 167, 100, 119
3345, 127906, 447, 0, 178.801, 103.2, 288.266, 274.598, 89.802, 128.267, 121, 38, 97
1118, 40954, 448, 0, 39, 286, 301.534
473, 15006, 449, 0, 191, 151.267, 140.8, 192.8, 110, 64, 190
453, 13127, 450, 0, 94, 69, 57, 56.2, 47, 55, 28, 63, 136.543, 50, 100.933, 55, 128, 54, 33, 42, 60, 40, 146.267, 39, 71, 56
466, 14107, 451, 108, 215.6, 65, 110, 190.133, 146.8, 138.8, 137.067
1240, 43960, 452, 0, 231.1, 122, 23, 511.534, 162.266, 80, 189.6, 155.6, 750.868
2185, 83103, 453, 0, 218.267, 285.8, 22, 152.8, 87.8, 163, 280.534, 201.267, 182
1572, 55649, 454, 0, 43, 236.064, 122, 335.603, 60, 55, 58, 138.365, 112, 508
2522, 94805, 455, 266.8, 284.6, 185, 141, 127, 223.866, 194.334, 75, 162.267, 79.601, 318.601
1062, 37634, 456, 50, 272, 285, 181
2068, 78363, 457, 99, 62.2, 48, 125.2, 193, 196.6, 136.603, 187.802, 169.267
1404, 47991, 458, 0, 377.4, 168.8, 244.2, 159.8, 163.533, 239.732, 225.8
419, 12093, 459, 0, 62.2, 91, 52, 31, 53, 66, 40, 60, 36, 36, 50, 56, 65, 55, 108, 226.933, 39.968, 32, 39, 27, 50, 97, 183
646, 25612, 460, 0, 149, 739.434, 106.933, 643.664, 135.802
635, 24692, 461, 0, 125.828, 599.202, 170, 662.399, 144
3336, 127178, 462, 79, 259.4, 47, 54, 103.4, 107.8, 99, 112.534, 300.934, 103.267, 166.601
453, 13128, 463, 0, 94, 69, 57, 56.2, 47, 55, 28, 63, 128.104, 50, 101.6, 55, 128.534, 54, 33, 42, 60, 40, 147.334, 39, 71, 56
2052, 78022, 464, 0, 174, 135, 114, 184.6, 151.4, 129.735, 85
1218, 42200, 465, 0, 60.8, 71, 166, 158, 445.2, 60, 33
3345, 127907, 466, 0, 176.8, 91.2, 306.933, 282.067, 87.935, 128.8, 121.534, 38, 97.267
647, 25761, 467, 342, 108.533, 643.266, 132.067
466, 14108, 468, 107.2, 189.2, 65, 107.6, 204.4, 146, 137.2, 141.199
473, 15007, 469, 0, 191, 153.935, 142.134, 192.267, 110, 64, 190
1118, 40955, 470, 0, 40.011, 286, 301.534
3336, 127179, 471, 79, 257, 56.6, 54, 101, 107, 99, 112.8, 265.069, 103.267, 165.267
453, 13129, 472, 0, 94, 69, 57, 57, 47, 55, 28, 63, 117.305, 50, 100.8, 55, 128, 54, 33, 42, 60, 40, 146.801, 39, 71, 56
1062, 37635, 473, 50, 272, 285.267, 181
663, 26192, 474, 0, 120.559, 609.742, 170
1577, 56077, 475, 0, 491.93, 113, 181.8, 26.073, 59, 88, 372.601, 133.2, 238.601, 134
2068, 78364, 476, 99, 63, 48, 130, 193, 193, 134.199, 192.338, 168.468
466, 14109, 477, 108, 203.6, 65, 110, 186, 146.933, 136.8, 137.868
473, 15008, 478, 0, 191, 151.267, 140.534, 192.534, 110, 64, 190
28, 1534, 479, 0, 12.101, 40, 355.001
2052, 78023, 480, 0, 174, 137.4, 118, 188.733, 143.4, 133.198, 85
1118, 40956, 481, 0, 39, 295.866, 301
3345, 127908, 482, 0, 176, 92.017, 290.8, 306.5, 86.334, 128.534, 121.267, 38, 99.134
1062, 37636, 483, 50, 272, 285, 181
647, 25762, 484, 344.4, 106, 623.135, 135.536
473, 15009, 485, 0, 191, 151.267, 141.334, 192.8, 110, 64, 190
466, 14110, 486, 108, 203.6, 65, 110, 186, 146.933, 138.935, 137.601
663, 26193, 487, 0, 152, 608.407, 170
2068, 78365, 488, 99, 68.6, 48.8, 130, 193, 193, 131, 192.872, 169.8
1400, 47784, 489, 0, 200.801, 186.538, 130.8, 97, 150.267, 101.534, 305.8
1218, 42201, 490, 0, 62, 71, 166, 158, 444.8, 60.8, 33
1118, 40957, 491, 0, 39, 297.2, 301.267
3345, 127909, 492, 0, 178.4, 94.4, 286.8, 302.996, 85.8, 128.267, 121, 38, 100.202
2052, 78024, 493, 0, 178, 149.4, 115.6, 185.133, 147.4, 129.202, 85
466, 14111, 494, 108, 190.8, 65, 110, 186, 146.534, 138.935, 138.401
1062, 37637, 495, 50, 272, 285, 181
473, 15010, 496, 0, 191, 151.8, 141.868, 193.067, 110, 64, 190
1118, 40958, 497, 0, 39, 286, 301
663, 26194, 498, 0, 152, 610.542, 170
2052, 78025, 499, 0, 174, 136.6, 114, 183, 147.4, 126.267, 85.267
1062, 37638, 500, 50, 272, 285.933, 181
1118, 40959, 501, 0, 39, 288.4, 301
24, 1391, 502, 404, 309.201, 28, 28
