635, 24681, 0, 69, 7, 7, 8, 14
536, 17783, 0, 0, 4, 9, 15, 24, 33, 39, 38, 13, 13, 22, 30, 35, 71, 69, 6, 4, 1, 1, 1
419, 12062, 0, 0, 0, 3, 7, 9, 10, 10, 24, 33, 40, 42, 50, 58, 62, 64, 67, 25, 24, 24, 24, 24, 27, 28
1233, 43525, 0, 24, 24, 22, 21, 22, 11, 20, 11
453, 13097, 0, 1, 1, 1, 1, 1, 0, 0, 0, 0, 0, 1, 3, 5, 5, 7, 9, 7, 7, 1, 1, 1, 0
473, 14985, 0, 17, 15, 10, 6, 6, 1, 0
419, 12063, 0, 0, 1, 8, 21, 27, 28, 30, 43, 45, 46, 49, 46, 51, 62, 62, 69, 22, 23, 22, 22, 22, 22, 25
2509, 93731, 0, 39, 51, 51, 51, 51, 8, 8, 8, 12, 36, 37, 40, 33, 7
3344, 127729, 0, 0, 1, 5, 10, 13, 33, 50, 51, 51, 51, 51, 38, 36, 28, 6
1231, 43378, 0, 2, 2, 2, 2, 12, 18, 21, 30, 39, 51, 51, 51, 51, 51, 41, 45, 51
549, 18431, 0, 5, 13, 23, 32, 27, 60, 42, 37, 9, 0, 0, 9, 18, 18, 4, 3, 9, 21, 40, 48
3336, 127163, 1, 4, 17, 22, 30, 51, 51, 51, 6, 2, 2
453, 13098, 0, 1, 2, 2, 2, 2, 2, 2, 2, 2, 0, 1, 2, 5, 5, 5, 6, 4, 6, 5, 5, 4, 1
2517, 94596, 0, 3, 3, 7, 8, 23, 25, 27, 27, 25, 25, 16, 18, 11, 0
646, 25601, 0, 10, 26, 10, 14, 13
28, 1531, 0, 0, 0, 0
473, 14986, 0, 5, 17, 22, 20, 18, 1, 1
2052, 78008, 0, 0, 1, 4, 10, 6, 6, 6
419, 12064, 0, 0, 0, 9, 19, 25, 27, 30, 42, 38, 38, 39, 47, 62, 67, 67, 71, 27, 27, 27, 27, 27, 28, 28
1088, 38920, 0, 1, 1, 22, 30, 34, 34, 16, 11, 11, 9, 54, 22, 7, 4, 3, 2, 2, 1, 1, 1, 1, 1, 1, 0
1118, 40938, 0, 0, 9, 10
1667, 59149, 0, 0, 2, 5, 5, 5, 5, 5, 5, 5, 5, 5, 5, 5, 4, 0, 0, 0
466, 14087, 0, 23, 24, 24, 71, 71, 71, 71
2522, 94795, 6, 22, 39, 45, 50, 50, 15, 11, 9, 9, 0
1222, 42627, 0, 1, 0, 2, 12, 3, 3, 1, 1, 3, 16, 17, 17, 32, 43, 42, 48, 51, 25, 1
1233, 43526, 0, 15, 10, 5, 8, 10, 13, 21, 22
536, 17784, 0, 0, 0, 11, 15, 27, 29, 34, 34, 7, 7, 25, 33, 36, 71, 53, 0, 0, 4, 5, 1
2523, 94832, 1, 27, 51, 51, 51, 51, 6, 6, 5, 7
453, 13099, 0, 6, 3, 0, 0, 0, 0, 0, 0, 0, 0, 0, 4, 11, 11, 11, 11, 5, 9, 9, 10, 5, 3
1244, 44203, 1, 8, 2, 1, 5, 10
1062, 37618, 0, 0, 2, 0
1100, 39670, 21, 36, 43, 41, 49, 49, 49, 50, 54, 55, 45, 45, 41, 44, 56, 41, 16, 11, 3, 1, 1, 2, 2, 0, 3, 3, 0
3349, 128454, 2, 3, 15, 26, 31, 51, 51, 49, 6, 4, 7, 4, 14, 25, 50, 51, 51, 51
1668, 59223, 0, 19, 23, 26, 29, 30, 30, 30, 30, 45, 43, 45, 33, 33, 18, 9
1218, 42192, 0, 0, 0, 0, 3, 9, 11, 0
419, 12065, 0, 1, 3, 7, 9, 11, 12, 12, 14, 17, 17, 18, 19, 25, 28, 25, 25, 8, 8, 8, 8, 8, 9, 11
635, 24682, 0, 53, 4, 1, 3, 2
549, 18432, 0, 5, 13, 13, 18, 13, 32, 20, 19, 2, 1, 1, 11, 14, 14, 8, 7, 15, 29, 41, 38
1572, 55643, 0, 6, 24, 29, 27, 27, 25, 25, 16, 2, 2
2185, 83096, 0, 12, 17, 15, 24, 24, 28, 19, 0, 1
3345, 127892, 0, 1, 4, 6, 0, 0, 0, 2, 2, 1
2068, 78350, 0, 0, 1, 0, 0, 5, 11, 24, 0
473, 14987, 0, 24, 25, 29, 19, 11, 1, 0
1240, 43946, 0, 7, 3, 16, 37, 1, 1, 3, 2, 7
1231, 43379, 0, 0, 0, 0, 0, 3, 4, 5, 17, 18, 51, 51, 51, 51, 51, 51, 51, 42
2052, 78009, 0, 2, 14, 32, 35, 35, 11, 7
536, 17785, 0, 3, 3, 7, 9, 16, 15, 17, 29, 12, 13, 42, 46, 40, 71, 52, 5, 1, 7, 13, 4
453, 13100, 0, 3, 5, 5, 2, 1, 0, 0, 0, 1, 1, 0, 0, 1, 1, 1, 3, 6, 10, 13, 13, 11, 7
1088, 38922, 0, 9, 9, 9, 15, 13, 15, 18, 18, 32, 35, 44, 29, 12, 11, 6, 6, 5, 5, 4, 3, 3, 4, 7, 3
466, 14088, 0, 69, 69, 55, 71, 71, 71, 71
1088, 38921, 0, 5, 5, 4, 7, 8, 12, 16, 14, 14, 11, 57, 18, 2, 1, 1, 0, 0, 0, 0, 0, 0, 0, 5, 7
2509, 93732, 1, 26, 51, 50, 45, 51, 29, 31, 24, 18, 45, 46, 24, 16, 4
3336, 127164, 7, 20, 32, 39, 42, 35, 38, 38, 7, 2, 4
1118, 40939, 0, 1, 10, 12
419, 12066, 0, 1, 4, 20, 22, 24, 33, 38, 42, 45, 45, 45, 45, 50, 53, 50, 53, 25, 24, 23, 23, 23, 27, 30
646, 25602, 0, 8, 21, 10, 8, 9
1233, 43527, 0, 6, 9, 13, 17, 38, 17, 16, 9
2517, 94597, 0, 9, 8, 12, 4, 19, 28, 30, 30, 51, 19, 15, 16, 14, 2
1062, 37619, 0, 0, 0, 0
1222, 42628, 0, 2, 0, 7, 26, 1, 1, 5, 5, 10, 30, 29, 39, 51, 51, 46, 51, 51, 19, 0
3345, 127893, 0, 9, 14, 24, 30, 30, 24, 15, 14, 9
473, 14988, 0, 14, 9, 9, 12, 9, 1, 0
2190, 83411, 3, 4, 4, 4, 12, 13, 10, 3, 27, 38
453, 13101, 0, 0, 0, 0, 0, 0, 0, 1, 1, 0, 0, 0, 1, 4, 3, 3, 3, 4, 6, 7, 7, 3, 1
1100, 39671, 34, 45, 54, 59, 60, 60, 61, 62, 66, 65, 67, 71, 69, 71, 52, 41, 24, 15, 5, 3, 3, 5, 2, 3, 9, 8, 0
1100, 39672, 9, 18, 26, 31, 32, 36, 38, 39, 39, 43, 48, 70, 71, 60, 44, 33, 21, 19, 17, 2, 0, 5, 2, 2, 3, 3, 0
1400, 47779, 0, 7, 10, 6, 0, 3, 0, 3
466, 14089, 1, 57, 57, 29, 69, 71, 70, 69
1240, 43947, 0, 4, 4, 8, 16, 0, 0, 0, 1, 5
419, 12067, 0, 2, 5, 7, 8, 10, 17, 17, 25, 29, 29, 29, 33, 35, 37, 28, 26, 26, 26, 27, 27, 27, 27, 28
3336, 127165, 0, 2, 9, 11, 14, 16, 16, 16, 2, 7, 10
2068, 78351, 0, 0, 0, 4, 1, 0, 3, 14, 2
3344, 127730, 0, 0, 0, 0, 1, 2, 2, 3, 18, 19, 17, 15, 24, 31, 22, 5
2522, 94796, 5, 20, 32, 40, 45, 41, 24, 20, 18, 17, 0
1577, 56071, 0, 2, 2, 4, 2, 1, 0, 0, 1, 3, 4
2523, 94833, 2, 9, 51, 49, 50, 51, 14, 13, 19, 29
1231, 43380, 0, 0, 1, 1, 1, 1, 3, 3, 12, 13, 49, 51, 51, 51, 51, 51, 51, 38
1118, 40940, 0, 3, 7, 5
549, 18433, 0, 1, 1, 2, 6, 23, 43, 32, 58, 14, 6, 0, 0, 11, 6, 3, 6, 22, 25, 23, 20
1088, 38924, 0, 31, 31, 24, 29, 26, 41, 52, 51, 60, 59, 56, 21, 3, 7, 35, 37, 30, 21, 19, 18, 17, 18, 7, 1
453, 13102, 0, 1, 1, 1, 2, 2, 2, 3, 3, 2, 2, 1, 0, 2, 2, 2, 2, 2, 3, 9, 10, 8, 5
419, 12068, 0, 6, 6, 7, 7, 8, 8, 11, 15, 18, 18, 18, 19, 19, 19, 17, 16, 9, 10, 15, 15, 15, 14, 15
473, 14989, 0, 29, 29, 29, 30, 26, 0, 0
2052, 78010, 0, 1, 26, 34, 41, 41, 9, 4
1667, 59150, 3, 3, 1, 3, 4, 4, 4, 5, 5, 5, 5, 5, 5, 5, 5, 1, 1, 0
1244, 44204, 0, 19, 32, 51, 51, 51
1062, 37620, 0, 0, 0, 0
1222, 42629, 0, 3, 2, 3, 1, 7, 7, 9, 19, 32, 47, 51, 51, 51, 45, 43, 40, 37, 9, 2
1656, 58823, 0, 11, 30, 51, 51, 51, 51, 51, 51, 46, 45, 51, 51, 44, 43, 51, 26, 5, 11
635, 24683, 0, 6, 4, 1, 5, 4
1218, 42193, 0, 0, 3, 4, 2, 1, 2, 0
1233, 43528, 0, 10, 20, 51, 51, 51, 43, 46, 13
453, 13103, 0, 9, 9, 9, 4, 4, 4, 4, 4, 2, 2, 3, 4, 4, 4, 4, 4, 5, 4, 5, 5, 3, 0
466, 14090, 1, 20, 20, 14, 16, 24, 27, 27
3349, 128455, 5, 7, 8, 8, 11, 10, 10, 9, 9, 6, 13, 14, 36, 51, 51, 51, 51, 51
536, 17786, 0, 0, 0, 0, 1, 2, 2, 8, 13, 5, 6, 14, 19, 18, 71, 54, 0, 0, 10, 15, 5
1100, 39673, 4, 6, 8, 1, 4, 4, 4, 6, 26, 66, 71, 71, 68, 67, 56, 41, 21, 12, 11, 5, 0, 1, 0, 0, 0, 1, 1
2509, 93733, 2, 16, 30, 51, 49, 51, 27, 24, 27, 24, 41, 36, 31, 15, 13
2517, 94598, 0, 6, 1, 5, 11, 40, 51, 51, 51, 51, 45, 38, 37, 31, 1
1404, 47987, 0, 8, 13, 22, 33, 44, 34, 8
547, 18411, 0, 9, 17, 22, 23, 25, 65, 57, 54, 10, 4, 4, 6, 10, 13, 12, 13, 52, 55, 65, 51
419, 12069, 0, 9, 10, 12, 13, 15, 22, 25, 31, 32, 32, 32, 34, 38, 44, 43, 47, 37, 41, 48, 48, 57, 53, 53
2185, 83097, 0, 15, 15, 15, 10, 8, 12, 12, 5, 2
1668, 59224, 0, 2, 2, 2, 3, 3, 3, 3, 5, 25, 30, 31, 31, 32, 8, 10
3345, 127894, 0, 0, 19, 37, 3, 3, 2, 5, 4, 0
1240, 43948, 0, 2, 1, 1, 1, 1, 2, 1, 2, 3
1088, 38923, 0, 20, 21, 15, 19, 21, 32, 46, 43, 64, 67, 60, 17, 9, 5, 21, 28, 26, 24, 20, 20, 17, 17, 6, 0
2068, 78352, 0, 0, 0, 0, 1, 1, 6, 14, 0
646, 25603, 0, 13, 0, 14, 42, 41
1231, 43381, 0, 4, 4, 4, 4, 11, 15, 16, 22, 23, 49, 48, 46, 51, 51, 51, 51, 46
1118, 40941, 0, 1, 3, 2
453, 13104, 0, 1, 1, 1, 2, 2, 2, 2, 2, 9, 9, 3, 3, 6, 6, 6, 6, 5, 5, 4, 4, 1, 0
2052, 78011, 0, 6, 37, 38, 40, 40, 7, 0
1088, 38925, 0, 32, 32, 25, 31, 31, 53, 71, 63, 58, 55, 54, 18, 7, 9, 40, 40, 22, 20, 19, 19, 18, 18, 11, 8
24, 1388, 5, 42, 42, 42
3336, 127166, 4, 9, 15, 15, 18, 18, 18, 14, 1, 1, 3
1572, 55644, 0, 16, 18, 21, 3, 3, 2, 2, 0, 0, 6
473, 14990, 0, 16, 15, 13, 11, 7, 0, 0
466, 14091, 6, 15, 15, 14, 13, 13, 14, 12
2522, 94797, 2, 15, 19, 22, 20, 38, 29, 18, 19, 21, 0
1062, 37621, 0, 0, 0, 0
419, 12070, 0, 6, 19, 20, 20, 21, 22, 22, 26, 28, 32, 33, 44, 67, 71, 69, 71, 48, 56, 64, 62, 66, 41, 41
1100, 39674, 6, 6, 8, 8, 11, 17, 20, 45, 71, 71, 71, 71, 71, 69, 49, 41, 20, 13, 8, 2, 2, 1, 0, 1, 0, 0, 0
1233, 43529, 2, 27, 51, 51, 51, 51, 34, 39, 5
1222, 42630, 0, 1, 1, 4, 9, 1, 1, 4, 11, 12, 17, 18, 31, 51, 37, 45, 43, 27, 2, 0
1650, 58603, 3, 8, 18, 23, 32, 38, 45, 51, 51, 49, 47, 44, 51, 51, 8, 11, 23
3345, 127895, 0, 9, 14, 16, 8, 8, 10, 16, 15, 8
2190, 83412, 2, 1, 1, 1, 1, 26, 21, 6, 14, 19
453, 13105, 0, 4, 12, 11, 9, 9, 9, 9, 9, 1, 1, 7, 7, 7, 7, 7, 7, 7, 7, 7, 7, 1, 0
549, 18434, 1, 0, 1, 28, 34, 33, 71, 59, 52, 25, 17, 8, 71, 63, 61, 7, 7, 15, 22, 14, 11
2523, 94834, 0, 1, 4, 51, 49, 51, 17, 17, 15, 20
645, 25586, 0, 6, 0, 0
536, 17787, 0, 3, 4, 3, 2, 0, 6, 35, 47, 12, 25, 42, 41, 39, 71, 45, 1, 1, 4, 7, 4
1240, 43949, 0, 1, 1, 5, 7, 3, 5, 6, 3, 5
3336, 127167, 0, 1, 2, 2, 3, 9, 12, 13, 1, 1, 0
419, 12071, 0, 1, 8, 11, 11, 11, 12, 16, 23, 31, 40, 40, 67, 71, 71, 68, 71, 52, 53, 57, 58, 60, 42, 42
3344, 127731, 0, 0, 0, 0, 1, 3, 20, 26, 49, 51, 40, 39, 36, 33, 31, 25
1118, 40942, 0, 0, 1, 0
473, 14991, 0, 44, 40, 19, 13, 12, 4, 1
466, 14092, 2, 6, 6, 9, 12, 14, 34, 36
2068, 78353, 0, 0, 0, 1, 2, 4, 11, 18, 0
635, 24684, 0, 71, 26, 18, 2, 5
1231, 43382, 0, 0, 0, 1, 1, 6, 32, 38, 38, 38, 51, 51, 51, 51, 51, 51, 51, 46
2509, 93734, 1, 3, 15, 51, 51, 51, 11, 11, 10, 13, 42, 47, 40, 22, 20
453, 13106, 0, 27, 25, 20, 16, 14, 9, 8, 8, 11, 5, 8, 6, 6, 6, 6, 6, 6, 6, 5, 5, 0, 0
2517, 94599, 0, 3, 1, 6, 12, 23, 51, 51, 51, 51, 49, 47, 51, 39, 1
646, 25604, 0, 1, 3, 1, 23, 23
1062, 37622, 0, 0, 1, 0
536, 17789, 0, 2, 2, 2, 0, 9, 20, 46, 62, 20, 20, 36, 34, 36, 71, 69, 15, 8, 11, 16, 2
1218, 42194, 0, 0, 0, 0, 0, 1, 6, 0
1577, 56072, 0, 9, 10, 4, 1, 1, 1, 0, 0, 8, 9
547, 18412, 0, 0, 5, 13, 28, 40, 60, 55, 48, 17, 7, 4, 5, 9, 16, 8, 4, 17, 16, 13, 12
1088, 38926, 0, 30, 28, 24, 28, 29, 33, 50, 47, 57, 63, 56, 9, 6, 6, 4, 4, 4, 3, 3, 3, 3, 5, 4, 5
1222, 42631, 0, 0, 1, 2, 9, 0, 3, 8, 6, 4, 6, 7, 7, 11, 11, 16, 22, 22, 16, 0
1244, 44205, 0, 8, 12, 13, 17, 27
419, 12072, 0, 0, 3, 4, 9, 15, 20, 21, 32, 40, 49, 47, 69, 71, 71, 71, 71, 52, 52, 56, 58, 58, 45, 45
1233, 43530, 0, 20, 47, 51, 51, 51, 51, 51, 2
536, 17788, 0, 0, 0, 1, 21, 33, 46, 67, 71, 28, 42, 42, 53, 39, 71, 56, 5, 0, 0, 0, 4
2052, 78012, 0, 1, 3, 7, 41, 45, 7, 9
1667, 59151, 0, 0, 22, 20, 12, 7, 8, 6, 7, 7, 5, 4, 4, 4, 5, 4, 10, 0
3349, 128456, 0, 0, 5, 5, 7, 16, 27, 28, 2, 1, 1, 1, 5, 47, 51, 51, 32, 51
2522, 94798, 1, 14, 29, 30, 39, 51, 41, 33, 29, 23, 1
453, 13107, 0, 18, 18, 10, 8, 4, 2, 2, 2, 2, 2, 1, 0, 0, 0, 0, 0, 0, 0, 0, 0, 0, 0
466, 14093, 2, 8, 8, 6, 18, 19, 42, 41
473, 14992, 0, 40, 36, 27, 25, 17, 4, 0
3345, 127896, 0, 2, 2, 3, 2, 2, 3, 5, 4, 3
2185, 83098, 0, 12, 17, 11, 13, 18, 16, 5, 2, 4
1118, 40943, 0, 0, 0, 0
1400, 47780, 0, 27, 26, 18, 1, 1, 1, 3
1088, 38927, 0, 19, 15, 14, 15, 17, 16, 22, 24, 61, 61, 59, 18, 4, 16, 1, 1, 0, 0, 0, 0, 0, 0, 1, 0
419, 12073, 0, 0, 17, 20, 30, 41, 54, 56, 63, 71, 71, 69, 71, 71, 71, 69, 71, 35, 34, 37, 36, 34, 30, 30
1240, 43950, 0, 0, 0, 1, 1, 3, 4, 11, 10, 11
549, 18435, 0, 4, 12, 40, 44, 48, 66, 54, 65, 30, 15, 8, 71, 70, 65, 8, 7, 8, 8, 13, 13
2523, 94835, 1, 8, 35, 51, 51, 51, 22, 22, 22, 20
2052, 78013, 0, 0, 2, 8, 16, 23, 18, 8
1231, 43383, 0, 0, 0, 2, 2, 3, 25, 26, 20, 20, 23, 36, 51, 51, 51, 51, 51, 25
1668, 59225, 0, 19, 22, 22, 24, 23, 23, 23, 19, 19, 21, 16, 13, 11, 18, 12
1062, 37623, 0, 0, 0, 0
645, 25587, 0, 4, 22, 32
1100, 39676, 16, 27, 25, 30, 32, 29, 27, 27, 33, 59, 71, 71, 66, 71, 50, 46, 24, 16, 8, 4, 3, 2, 3, 3, 3, 2, 0
3336, 127168, 0, 0, 0, 1, 5, 29, 39, 37, 9, 3, 1
1100, 39675, 0, 2, 7, 9, 12, 18, 21, 39, 48, 71, 71, 71, 71, 64, 59, 38, 22, 15, 8, 3, 1, 1, 0, 0, 0, 0, 0
2068, 78354, 0, 2, 2, 0, 10, 15, 22, 26, 0
453, 13108, 0, 4, 7, 6, 7, 7, 5, 7, 7, 2, 2, 1, 1, 1, 1, 1, 1, 1, 1, 1, 1, 1, 0
419, 12074, 0, 3, 3, 7, 9, 12, 15, 15, 22, 27, 65, 70, 71, 71, 71, 71, 71, 23, 23, 25, 25, 24, 18, 18
1233, 43531, 1, 42, 32, 51, 51, 51, 51, 51, 1
2517, 94600, 0, 1, 1, 10, 6, 17, 29, 51, 51, 51, 44, 49, 50, 41, 3
2509, 93735, 2, 10, 27, 51, 51, 51, 4, 3, 3, 7, 51, 38, 32, 8, 6
473, 14993, 0, 53, 54, 34, 29, 24, 14, 0
466, 14094, 0, 15, 15, 4, 13, 16, 40, 35
1222, 42632, 0, 7, 10, 10, 17, 6, 6, 7, 5, 6, 8, 9, 9, 9, 20, 28, 32, 21, 12, 0
1572, 55645, 0, 3, 11, 14, 7, 3, 3, 4, 5, 0, 0
2190, 83413, 1, 3, 5, 4, 15, 29, 21, 11, 6, 26
3345, 127897, 0, 1, 11, 28, 20, 20, 16, 12, 11, 7
635, 24685, 0, 71, 7, 2, 1, 1
646, 25605, 0, 71, 7, 10, 8, 8
28, 1532, 0, 0, 0, 2
453, 13109, 0, 7, 6, 5, 3, 3, 2, 2, 3, 1, 0, 0, 0, 0, 0, 0, 0, 0, 0, 0, 0, 0, 0
1118, 40944, 0, 0, 2, 2
1088, 38928, 0, 11, 10, 18, 18, 19, 15, 19, 24, 42, 44, 57, 11, 6, 8, 1, 4, 4, 4, 0, 0, 0, 0, 0, 3
1404, 47988, 0, 7, 16, 23, 38, 41, 41, 5
1240, 43951, 0, 2, 2, 3, 2, 2, 2, 4, 1, 14
3336, 127169, 1, 1, 2, 3, 11, 32, 36, 41, 0, 0, 0
419, 12075, 0, 2, 15, 19, 25, 34, 41, 47, 58, 71, 71, 71, 71, 71, 71, 68, 71, 33, 31, 33, 33, 32, 30, 31
536, 17791, 0, 3, 2, 0, 2, 26, 27, 35, 40, 22, 49, 71, 71, 71, 71, 67, 14, 4, 5, 11, 4
549, 18436, 5, 24, 37, 69, 70, 69, 64, 55, 41, 26, 21, 18, 23, 14, 0, 0, 0, 2, 1, 6, 9
536, 17790, 0, 0, 0, 2, 20, 36, 42, 33, 33, 54, 54, 71, 71, 71, 71, 71, 15, 3, 3, 0, 0
3344, 127732, 0, 2, 4, 14, 26, 32, 34, 51, 51, 51, 51, 48, 46, 41, 38, 18
473, 14994, 0, 16, 16, 11, 10, 10, 3, 0
1062, 37624, 0, 0, 0, 0
1231, 43384, 0, 0, 0, 3, 3, 19, 46, 51, 46, 44, 51, 51, 51, 51, 51, 51, 51, 40
453, 13110, 0, 8, 16, 16, 16, 16, 12, 13, 13, 5, 1, 1, 1, 1, 1, 1, 1, 1, 1, 1, 1, 0, 0
1100, 39677, 15, 21, 31, 29, 32, 31, 32, 32, 31, 31, 71, 71, 71, 70, 57, 48, 22, 14, 5, 1, 0, 0, 0, 0, 0, 0, 0
466, 14095, 2, 55, 55, 40, 59, 54, 56, 48
1244, 44206, 1, 12, 11, 9, 23, 51
663, 26185, 0, 70, 7, 0
1218, 42195, 0, 0, 0, 3, 6, 5, 5, 1
2522, 94799, 22, 51, 51, 51, 51, 51, 50, 47, 49, 39, 5
2068, 78355, 0, 1, 1, 0, 0, 4, 7, 7, 2
645, 25588, 0, 0, 26, 26
1222, 42633, 0, 12, 26, 40, 51, 17, 17, 18, 25, 17, 21, 51, 51, 51, 40, 39, 44, 19, 15, 0
419, 12076, 0, 1, 0, 5, 8, 16, 22, 22, 35, 46, 71, 71, 71, 71, 71, 71, 71, 34, 36, 35, 33, 36, 38, 38
2523, 94836, 1, 11, 19, 51, 51, 51, 23, 23, 21, 22
1233, 43532, 3, 26, 29, 40, 51, 51, 51, 51, 14
3349, 128457, 0, 1, 3, 3, 4, 4, 13, 13, 2, 0, 1, 1, 3, 21, 47, 51, 51, 51
2052, 78014, 0, 1, 9, 17, 28, 31, 8, 0
1118, 40945, 0, 0, 3, 6
473, 14995, 0, 23, 23, 22, 21, 21, 11, 0
453, 13111, 0, 9, 12, 10, 9, 12, 11, 13, 13, 1, 1, 1, 0, 2, 2, 2, 2, 0, 0, 2, 5, 5, 0
1577, 56073, 0, 28, 28, 41, 23, 23, 23, 7, 0, 1, 8
547, 18413, 0, 10, 13, 40, 52, 56, 41, 26, 55, 17, 13, 8, 51, 58, 43, 7, 4, 4, 17, 22, 21
1088, 38929, 0, 12, 12, 5, 5, 13, 37, 39, 30, 31, 31, 47, 25, 16, 11, 9, 11, 6, 1, 1, 1, 1, 1, 0, 0
536, 17792, 0, 5, 3, 1, 5, 8, 7, 7, 11, 36, 61, 71, 71, 71, 71, 60, 19, 2, 4, 5, 2
2517, 94601, 0, 15, 9, 16, 12, 30, 49, 51, 51, 48, 21, 10, 14, 13, 2
3345, 127898, 0, 3, 5, 32, 6, 6, 7, 6, 5, 0
1667, 59152, 0, 0, 2, 22, 10, 6, 10, 7, 6, 6, 0, 0, 0, 0, 6, 6, 6, 0
466, 14096, 8, 71, 71, 59, 62, 55, 47, 38
2185, 83099, 0, 3, 3, 3, 5, 7, 5, 1, 0, 1
1062, 37625, 0, 0, 2, 0
1240, 43952, 0, 3, 14, 19, 43, 8, 8, 8, 2, 16
419, 12077, 0, 8, 16, 19, 23, 23, 25, 30, 43, 49, 51, 70, 71, 71, 71, 69, 71, 37, 39, 42, 42, 44, 37, 43
1100, 39678, 11, 15, 16, 15, 17, 18, 18, 18, 18, 27, 71, 71, 71, 71, 41, 19, 8, 6, 4, 0, 0, 1, 0, 0, 0, 0, 0
646, 25606, 0, 71, 1, 1, 4, 5
635, 24686, 0, 70, 7, 4, 12, 24
2509, 93736, 5, 32, 41, 51, 51, 51, 24, 24, 25, 36, 51, 42, 48, 31, 18
1231, 43385, 0, 0, 5, 14, 15, 15, 16, 25, 23, 17, 51, 51, 51, 51, 51, 51, 51, 31
1668, 59226, 0, 32, 40, 42, 44, 48, 49, 51, 51, 51, 51, 51, 34, 35, 22, 8
549, 18437, 5, 20, 25, 37, 33, 47, 37, 27, 26, 15, 17, 9, 12, 10, 8, 6, 8, 15, 20, 28, 26
453, 13112, 0, 7, 7, 7, 9, 16, 17, 18, 18, 8, 8, 8, 5, 6, 6, 6, 5, 4, 5, 6, 7, 4, 0
3336, 127170, 0, 2, 24, 26, 29, 30, 38, 33, 25, 24, 7
1233, 43533, 0, 15, 27, 51, 51, 51, 51, 51, 10
2068, 78356, 0, 1, 8, 8, 7, 9, 8, 5, 0
1222, 42634, 0, 8, 7, 7, 21, 17, 17, 18, 18, 24, 39, 51, 51, 51, 51, 50, 51, 31, 20, 5
419, 12078, 0, 0, 0, 0, 2, 5, 9, 14, 20, 25, 28, 28, 45, 71, 71, 71, 71, 47, 56, 70, 70, 68, 40, 45
536, 17793, 0, 3, 1, 2, 8, 9, 9, 14, 37, 71, 71, 71, 71, 71, 71, 52, 23, 3, 3, 6, 1
473, 14996, 0, 47, 33, 30, 25, 16, 5, 2
1118, 40946, 0, 1, 1, 1
3345, 127899, 0, 2, 19, 27, 51, 50, 42, 40, 33, 21
466, 14097, 10, 35, 35, 26, 28, 29, 21, 16
2190, 83414, 2, 6, 7, 7, 34, 47, 44, 41, 28, 39
2052, 78015, 0, 2, 5, 10, 16, 21, 10, 4
453, 13113, 0, 19, 19, 18, 12, 13, 13, 13, 13, 7, 4, 4, 1, 4, 5, 5, 6, 1, 1, 2, 4, 3, 0
663, 26186, 0, 70, 9, 8
2522, 94800, 9, 16, 36, 51, 51, 51, 49, 51, 50, 40, 2
1062, 37626, 0, 0, 1, 0
645, 25589, 0, 3, 19, 20
1240, 43953, 0, 4, 4, 5, 8, 0, 0, 3, 7, 11
2523, 94837, 3, 19, 22, 38, 51, 51, 33, 33, 32, 36
1572, 55646, 0, 12, 14, 16, 16, 15, 11, 10, 5, 6, 16
3336, 127171, 2, 2, 17, 20, 21, 21, 33, 31, 12, 12, 9
1656, 58824, 0, 26, 51, 51, 51, 51, 51, 51, 51, 51, 51, 51, 51, 42, 40, 51, 30, 7, 19
3344, 127733, 0, 2, 4, 4, 5, 3, 5, 6, 13, 49, 51, 51, 50, 40, 32, 12
549, 18438, 1, 6, 11, 15, 29, 68, 68, 59, 39, 16, 13, 9, 9, 5, 6, 6, 9, 17, 17, 16, 19
1244, 44207, 0, 1, 7, 51, 51, 51
419, 12079, 0, 0, 3, 6, 6, 6, 11, 11, 14, 14, 18, 18, 19, 64, 71, 71, 71, 52, 56, 63, 67, 68, 55, 57
1400, 47781, 0, 36, 8, 5, 0, 0, 1, 0
1218, 42196, 0, 51, 51, 48, 32, 5, 0, 0
1231, 43386, 0, 10, 11, 32, 32, 33, 33, 41, 51, 47, 51, 51, 51, 51, 51, 51, 51, 19
473, 14997, 0, 71, 60, 51, 48, 40, 26, 20
453, 13114, 0, 10, 12, 8, 8, 8, 10, 11, 11, 6, 6, 7, 7, 11, 10, 10, 10, 8, 9, 8, 8, 2, 1
2517, 94602, 0, 8, 6, 6, 27, 51, 51, 51, 51, 50, 45, 37, 27, 21, 1
466, 14098, 5, 15, 15, 13, 18, 13, 15, 12
419, 12080, 0, 2, 12, 16, 17, 17, 20, 21, 24, 20, 21, 14, 16, 20, 71, 71, 71, 47, 52, 59, 59, 59, 35, 35
1222, 42635, 0, 3, 2, 2, 8, 2, 5, 15, 15, 17, 33, 51, 51, 51, 51, 50, 45, 13, 10, 0
646, 25607, 0, 71, 3, 10, 66, 61
1233, 43534, 0, 37, 51, 51, 51, 51, 51, 51, 51
1118, 40947, 0, 0, 2, 4
635, 24687, 0, 64, 16, 8, 3, 14
2068, 78357, 0, 3, 6, 5, 4, 0, 4, 5, 0
24, 1389, 2, 51, 48, 48
3349, 128458, 0, 0, 13, 16, 16, 16, 19, 20, 17, 18, 11, 12, 28, 51, 51, 51, 51, 51
2509, 93737, 0, 3, 4, 9, 10, 51, 20, 22, 29, 45, 51, 34, 41, 28, 23
536, 17794, 0, 7, 6, 4, 6, 39, 71, 71, 71, 71, 71, 71, 71, 71, 71, 63, 3, 0, 2, 7, 4
453, 13115, 0, 12, 12, 12, 9, 9, 9, 9, 9, 7, 7, 8, 6, 13, 11, 12, 9, 4, 2, 2, 2, 1, 0
1062, 37627, 0, 0, 0, 0
549, 18439, 2, 2, 7, 24, 69, 67, 69, 55, 58, 18, 12, 5, 17, 29, 26, 21, 19, 21, 22, 17, 17
2052, 78016, 0, 0, 6, 10, 10, 11, 8, 6
3345, 127900, 0, 3, 20, 28, 38, 32, 38, 36, 25, 16
2185, 83100, 0, 4, 3, 3, 4, 6, 10, 7, 3, 5
1404, 47989, 0, 7, 7, 12, 25, 37, 48, 21
419, 12081, 0, 7, 8, 9, 10, 12, 14, 16, 23, 26, 41, 41, 54, 69, 71, 71, 71, 47, 51, 54, 54, 54, 45, 45
1240, 43954, 0, 6, 4, 10, 12, 2, 3, 7, 8, 5
1668, 59227, 0, 4, 11, 30, 35, 36, 30, 37, 45, 51, 51, 51, 51, 47, 24, 15
1231, 43387, 0, 0, 3, 15, 18, 22, 30, 35, 51, 48, 47, 38, 51, 51, 51, 51, 51, 13
473, 14998, 0, 20, 16, 6, 4, 2, 1, 0
1577, 56074, 0, 24, 24, 22, 10, 10, 11, 6, 4, 4, 14
663, 26187, 0, 68, 16, 15
1650, 58604, 51, 51, 48, 45, 36, 51, 51, 51, 47, 41, 39, 50, 51, 51, 15, 13, 32
466, 14099, 0, 2, 4, 15, 20, 20, 41, 38
1667, 59153, 1, 6, 32, 19, 8, 7, 12, 19, 13, 13, 11, 7, 4, 4, 15, 12, 11, 0
645, 25590, 0, 3, 1, 0
453, 13116, 0, 35, 33, 29, 23, 23, 23, 29, 29, 21, 19, 21, 10, 12, 12, 13, 5, 3, 3, 2, 2, 6, 8
2522, 94801, 20, 33, 41, 51, 51, 50, 47, 42, 51, 41, 0
3336, 127172, 0, 0, 3, 3, 4, 4, 10, 29, 6, 4, 2
2523, 94838, 0, 11, 11, 33, 51, 51, 23, 23, 18, 26
1233, 43535, 0, 29, 51, 51, 51, 51, 51, 51, 7
1118, 40948, 0, 10, 10, 10
419, 12082, 0, 5, 11, 23, 25, 30, 34, 38, 60, 71, 71, 59, 70, 71, 71, 71, 71, 51, 55, 56, 56, 56, 41, 41
1222, 42636, 0, 5, 2, 4, 12, 2, 8, 33, 33, 36, 34, 44, 51, 51, 51, 50, 41, 21, 16, 2
3345, 127901, 0, 17, 23, 29, 44, 40, 50, 38, 27, 6
2068, 78358, 1, 0, 0, 3, 9, 22, 34, 48, 0
2190, 83415, 17, 9, 6, 1, 29, 51, 48, 31, 19, 16
1062, 37628, 0, 0, 0, 0
635, 24688, 0, 69, 19, 19, 5, 3
646, 25608, 0, 60, 3, 12, 43, 35
466, 14100, 0, 2, 2, 9, 20, 24, 54, 55
473, 14999, 0, 36, 33, 24, 26, 14, 11, 7
1240, 43955, 0, 2, 1, 5, 10, 1, 5, 8, 19, 11
453, 13117, 0, 4, 4, 5, 8, 9, 9, 12, 12, 3, 6, 10, 9, 18, 17, 16, 6, 2, 1, 1, 1, 0, 5
2052, 78017, 0, 0, 1, 2, 5, 9, 5, 2
3336, 127173, 0, 0, 5, 9, 19, 32, 51, 51, 0, 2, 3
1218, 42197, 0, 0, 0, 1, 1, 2, 4, 0
2517, 94603, 0, 14, 10, 13, 14, 51, 51, 51, 51, 51, 40, 27, 27, 25, 4
2509, 93738, 0, 10, 36, 51, 51, 51, 14, 11, 11, 12, 51, 17, 32, 18, 7
3344, 127734, 0, 0, 0, 2, 20, 30, 51, 51, 51, 51, 51, 51, 44, 39, 35, 14
1244, 44208, 0, 19, 30, 46, 51, 51
419, 12083, 0, 0, 0, 10, 22, 34, 38, 39, 57, 69, 71, 71, 71, 71, 71, 71, 71, 39, 40, 39, 39, 40, 20, 20
647, 25757, 1, 21, 45, 39
1572, 55647, 0, 20, 14, 26, 23, 22, 22, 22, 2, 2, 4
1118, 40949, 0, 1, 1, 1
453, 13118, 0, 16, 14, 11, 12, 13, 13, 21, 19, 3, 5, 6, 8, 8, 7, 7, 2, 1, 1, 0, 0, 0, 0
1222, 42637, 0, 10, 18, 11, 34, 7, 16, 18, 10, 10, 16, 18, 40, 51, 51, 37, 19, 3, 2, 0
1233, 43536, 0, 41, 51, 51, 51, 51, 51, 51, 15
663, 26188, 0, 67, 15, 10
466, 14101, 0, 1, 2, 12, 61, 69, 71, 61
473, 15000, 0, 34, 33, 17, 17, 14, 3, 2
419, 12084, 0, 2, 4, 16, 26, 31, 33, 36, 45, 46, 71, 71, 71, 71, 71, 71, 71, 28, 27, 29, 29, 29, 10, 13
1062, 37629, 0, 0, 1, 0
645, 25591, 0, 13, 49, 39
3349, 128459, 9, 9, 17, 24, 30, 37, 51, 51, 5, 13, 16, 17, 19, 47, 49, 51, 51, 49
2522, 94802, 6, 51, 51, 51, 51, 51, 35, 26, 13, 10, 1
2068, 78359, 0, 8, 17, 22, 39, 51, 51, 32, 2
2523, 94839, 0, 37, 51, 51, 51, 51, 19, 17, 15, 15
3345, 127902, 0, 0, 3, 10, 13, 17, 24, 24, 10, 1
2185, 83101, 0, 9, 11, 10, 25, 34, 23, 17, 1, 0
453, 13119, 0, 2, 3, 6, 6, 9, 11, 25, 26, 7, 6, 6, 2, 5, 5, 5, 4, 4, 4, 0, 0, 0, 0
1240, 43956, 0, 15, 12, 11, 11, 19, 23, 32, 23, 4
2052, 78018, 0, 1, 14, 35, 44, 51, 15, 9
1668, 59228, 0, 17, 23, 25, 27, 28, 28, 28, 27, 35, 51, 51, 51, 20, 27, 7
28, 1533, 0, 2, 9, 10
419, 12085, 0, 10, 18, 36, 50, 63, 71, 71, 71, 71, 71, 71, 71, 71, 71, 71, 71, 30, 28, 29, 29, 30, 25, 26
473, 15001, 0, 32, 34, 32, 27, 16, 8, 4
1400, 47782, 0, 50, 17, 14, 8, 15, 12, 4
646, 25609, 0, 13, 14, 15, 17, 5
635, 24689, 0, 71, 13, 11, 3, 1
1118, 40950, 0, 0, 11, 9
466, 14102, 0, 49, 51, 49, 71, 71, 69, 64
3336, 127174, 1, 5, 29, 41, 51, 51, 51, 51, 6, 2, 2
1233, 43537, 4, 26, 51, 51, 51, 51, 51, 51, 19
1667, 59154, 1, 10, 8, 15, 9, 10, 16, 18, 11, 10, 7, 5, 3, 3, 5, 8, 1, 0
1577, 56075, 0, 29, 51, 51, 16, 21, 27, 22, 9, 2, 2
453, 13120, 0, 15, 16, 18, 15, 16, 19, 25, 25, 2, 1, 1, 4, 6, 3, 3, 3, 3, 3, 3, 3, 1, 0
2517, 94604, 0, 13, 11, 11, 2, 51, 51, 51, 51, 51, 43, 35, 30, 26, 2
419, 12086, 0, 6, 12, 18, 20, 19, 22, 31, 43, 54, 61, 62, 71, 71, 71, 71, 71, 46, 44, 46, 46, 47, 34, 31
1062, 37630, 0, 0, 0, 0
2509, 93739, 1, 51, 51, 51, 51, 51, 44, 42, 29, 31, 51, 38, 29, 5, 2
3345, 127903, 0, 12, 32, 51, 17, 17, 11, 12, 8, 0
647, 25758, 5, 37, 29, 14
2190, 83416, 20, 23, 19, 0, 20, 31, 30, 15, 17, 20
663, 26189, 0, 70, 16, 11
2068, 78360, 1, 18, 31, 37, 42, 51, 51, 17, 4
453, 13121, 0, 1, 2, 5, 10, 12, 11, 11, 11, 0, 0, 2, 2, 2, 0, 0, 0, 1, 0, 1, 1, 2, 1
1240, 43957, 0, 7, 7, 7, 8, 11, 11, 5, 3, 3
473, 15002, 0, 58, 57, 56, 53, 38, 16, 0
1244, 44209, 10, 20, 24, 20, 51, 51
3336, 127175, 0, 3, 12, 22, 40, 51, 51, 51, 32, 23, 3
1218, 42198, 0, 0, 2, 8, 11, 14, 15, 4
1404, 47990, 0, 7, 14, 28, 41, 45, 39, 9
466, 14103, 23, 71, 71, 43, 71, 71, 68, 59
419, 12087, 0, 11, 18, 33, 41, 46, 46, 48, 56, 57, 60, 61, 71, 71, 71, 71, 71, 71, 68, 65, 68, 69, 33, 31
3344, 127735, 0, 1, 3, 11, 23, 32, 51, 35, 51, 51, 48, 41, 22, 15, 14, 7
2052, 78019, 0, 2, 51, 51, 50, 51, 13, 0
1118, 40951, 0, 2, 20, 16
2522, 94803, 25, 51, 51, 51, 51, 51, 43, 35, 34, 29, 3
453, 13122, 0, 7, 10, 4, 6, 6, 6, 9, 9, 7, 7, 7, 8, 1, 0, 0, 0, 0, 0, 0, 0, 0, 0
2523, 94840, 10, 23, 51, 51, 51, 51, 13, 13, 11, 9
1062, 37631, 0, 0, 0, 0
635, 24690, 0, 71, 29, 17, 7, 11
646, 25610, 0, 71, 11, 16, 7, 9
419, 12088, 0, 22, 21, 20, 27, 27, 25, 35, 39, 36, 38, 33, 71, 71, 71, 71, 71, 46, 43, 46, 49, 57, 40, 42
3349, 128460, 2, 13, 19, 21, 49, 51, 51, 35, 23, 18, 15, 14, 28, 43, 41, 51, 51, 51
473, 15003, 0, 71, 66, 66, 61, 51, 28, 1
1572, 55648, 0, 40, 41, 36, 21, 20, 14, 6, 2, 2, 5
466, 14104, 9, 71, 71, 40, 62, 71, 62, 51
2068, 78361, 0, 6, 13, 12, 16, 25, 48, 24, 2
647, 25759, 1, 0, 12, 9
3345, 127904, 0, 43, 51, 51, 50, 45, 32, 25, 20, 9
453, 13123, 0, 17, 21, 17, 8, 8, 8, 7, 5, 15, 13, 13, 13, 10, 6, 6, 4, 7, 5, 1, 1, 1, 0
2185, 83102, 0, 17, 26, 25, 30, 39, 32, 20, 11, 3
1240, 43958, 0, 14, 12, 12, 6, 8, 6, 4, 4, 2
1118, 40952, 0, 6, 8, 4
419, 12089, 0, 1, 11, 22, 30, 33, 33, 32, 34, 40, 37, 38, 47, 71, 71, 71, 71, 35, 35, 39, 46, 57, 49, 48
2052, 78020, 0, 5, 30, 51, 51, 51, 15, 2
1062, 37632, 0, 0, 0, 0
663, 26190, 0, 71, 15, 4
3336, 127176, 0, 2, 12, 15, 30, 51, 51, 37, 9, 10, 1
473, 15004, 0, 71, 68, 59, 55, 43, 25, 4
466, 14105, 6, 71, 71, 61, 64, 58, 65, 47
453, 13124, 0, 17, 24, 24, 9, 9, 9, 9, 9, 11, 9, 6, 6, 6, 2, 2, 2, 1, 0, 0, 0, 0, 0
2190, 83417, 1, 2, 2, 0, 1, 12, 12, 4, 5, 7
3345, 127905, 0, 27, 51, 51, 51, 44, 29, 18, 18, 8
2522, 94804, 3, 51, 51, 51, 51, 51, 38, 29, 47, 44, 3
1244, 44210, 1, 4, 6, 3, 21, 51
419, 12090, 0, 1, 5, 10, 12, 12, 12, 15, 20, 27, 29, 27, 28, 67, 71, 71, 71, 48, 45, 48, 53, 60, 43, 40
1218, 42199, 0, 0, 2, 5, 2, 1, 1, 1
1577, 56076, 0, 47, 47, 51, 37, 41, 32, 14, 11, 4, 1
2523, 94841, 15, 19, 51, 51, 51, 51, 9, 10, 10, 2
1240, 43959, 0, 1, 9, 9, 6, 7, 7, 6, 7, 1
2068, 78362, 1, 7, 8, 9, 6, 27, 51, 5, 1
3336, 127177, 1, 3, 8, 10, 13, 21, 51, 44, 14, 15, 3
646, 25611, 0, 71, 0, 7, 65, 62
1118, 40953, 0, 13, 23, 22
3344, 127736, 0, 8, 15, 22, 28, 31, 44, 34, 51, 51, 51, 36, 32, 23, 19, 14
24, 1390, 5, 51, 48, 48
453, 13125, 0, 36, 37, 31, 22, 21, 21, 20, 19, 19, 19, 20, 5, 1, 0, 0, 0, 0, 0, 0, 0, 0, 1
635, 24691, 0, 71, 12, 11, 40, 39
473, 15005, 0, 71, 69, 65, 56, 34, 21, 0
466, 14106, 14, 71, 71, 52, 54, 46, 48, 43
1062, 37633, 0, 0, 0, 0
419, 12091, 0, 0, 8, 9, 9, 10, 12, 12, 13, 16, 24, 28, 34, 37, 71, 71, 71, 26, 27, 28, 26, 27, 20, 18
1400, 47783, 0, 46, 25, 20, 7, 2, 2, 1
647, 25760, 0, 0, 12, 15
2052, 78021, 0, 1, 5, 30, 23, 51, 16, 2
663, 26191, 0, 71, 27, 19
453, 13126, 0, 8, 8, 5, 3, 2, 2, 3, 3, 11, 12, 14, 14, 13, 9, 9, 8, 4, 4, 2, 2, 2, 0
419, 12092, 0, 3, 2, 5, 5, 7, 10, 11, 14, 15, 21, 23, 25, 28, 71, 71, 71, 30, 30, 30, 30, 28, 18, 18
3349, 128461, 1, 4, 17, 19, 23, 30, 51, 48, 32, 29, 25, 23, 29, 51, 40, 51, 47, 31
3345, 127906, 0, 16, 36, 51, 47, 20, 13, 9, 5, 1
1118, 40954, 0, 31, 36, 34
473, 15006, 0, 71, 70, 66, 55, 33, 21, 0
453, 13127, 0, 2, 2, 1, 1, 1, 2, 2, 2, 4, 5, 5, 6, 5, 2, 2, 2, 7, 6, 6, 6, 7, 3
466, 14107, 4, 46, 46, 39, 45, 37, 39, 32
1240, 43960, 0, 2, 9, 9, 8, 6, 2, 5, 8, 0
2185, 83103, 0, 19, 20, 19, 20, 2, 6, 3, 0, 0
1572, 55649, 0, 51, 40, 48, 21, 16, 12, 12, 13, 6, 0
2522, 94805, 1, 51, 51, 51, 51, 51, 46, 37, 40, 29, 5
1062, 37634, 0, 0, 0, 0
2068, 78363, 0, 24, 26, 35, 39, 51, 33, 26, 1
1404, 47991, 0, 9, 15, 25, 44, 51, 46, 17
419, 12093, 0, 7, 15, 17, 18, 21, 24, 25, 32, 50, 58, 56, 61, 65, 71, 71, 71, 25, 26, 27, 28, 29, 18, 19
646, 25612, 0, 57, 5, 24, 43, 14
635, 24692, 0, 69, 20, 18, 6, 5
3336, 127178, 0, 3, 7, 7, 17, 21, 31, 30, 11, 9, 0
453, 13128, 0, 8, 8, 8, 5, 5, 8, 9, 12, 6, 8, 10, 10, 8, 9, 11, 12, 9, 9, 3, 3, 3, 2
2052, 78022, 0, 4, 5, 5, 14, 44, 39, 15
1218, 42200, 0, 0, 0, 0, 0, 4, 5, 4
3345, 127907, 0, 5, 16, 51, 47, 32, 24, 11, 9, 8
647, 25761, 0, 9, 43, 29
466, 14108, 11, 37, 37, 32, 71, 71, 69, 64
473, 15007, 0, 71, 60, 53, 48, 36, 21, 1
1118, 40955, 0, 16, 22, 17
3336, 127179, 0, 0, 16, 29, 51, 51, 51, 51, 8, 6, 0
453, 13129, 0, 5, 5, 3, 5, 10, 13, 12, 16, 15, 17, 14, 11, 7, 7, 7, 8, 14, 14, 11, 11, 10, 6
1062, 37635, 0, 0, 0, 0
663, 26192, 0, 69, 2, 1
1577, 56077, 0, 50, 51, 51, 9, 9, 13, 5, 7, 0, 0
2068, 78364, 0, 17, 29, 41, 45, 51, 48, 14, 1
466, 14109, 6, 41, 42, 60, 71, 71, 68, 59
473, 15008, 0, 71, 70, 69, 65, 51, 15, 0
28, 1534, 0, 11, 14, 8
2052, 78023, 0, 0, 5, 15, 32, 51, 39, 31
1118, 40956, 0, 1, 17, 15
3345, 127908, 0, 5, 6, 28, 51, 44, 36, 24, 21, 6
1062, 37636, 0, 0, 0, 0
647, 25762, 9, 33, 35, 4
473, 15009, 0, 71, 70, 66, 58, 40, 20, 1
466, 14110, 1, 62, 62, 56, 71, 71, 54, 34
663, 26193, 0, 71, 19, 14
2068, 78365, 0, 26, 47, 51, 51, 51, 51, 14, 0
1400, 47784, 0, 48, 20, 19, 12, 7, 1, 1
1218, 42201, 0, 0, 0, 0, 2, 3, 5, 3
1118, 40957, 0, 0, 17, 17
3345, 127909, 0, 9, 25, 38, 51, 46, 44, 38, 32, 17
2052, 78024, 0, 8, 33, 46, 46, 51, 37, 17
466, 14111, 16, 71, 67, 47, 71, 69, 51, 37
1062, 37637, 3, 1, 1, 1
473, 15010, 0, 71, 68, 64, 53, 38, 10, 0
1118, 40958, 0, 0, 2, 2
663, 26194, 0, 71, 11, 8
2052, 78025, 0, 0, 9, 15, 15, 23, 22, 3
1062, 37638, 5, 1, 1, 0
1118, 40959, 0, 0, 7, 8
24, 1391, 1, 31, 29, 29
